reaction	linear_coefficient
rxn02200_c	0.002640489606603169
rxn02201_c	0.002640489606603169
rxn07842_c	0.004173288729341943
rxn07841_c	0.004173288729341943
rxn00836_c	0.007248148600938758
rxn00915_c	0.007248148600938758
rxn00390_c	0.02015700308597382
rxn00376_c	0.02015700308597382
rxn00345_c	0.02015700308597382
rxn00938_c	0.02015700308597382
rxn02229_c	0.056418121668130004
rxn02230_c	0.056418121668130004
rxn00423_c	0.040334381749410037
rxn00707_c	0.02073863320626382
rxn01219_c	0.02073863320626382
rxn00364_c	0.02073863320626382
rxn03933_c	0.001891224053554427
rxn03408_c	0.001891224053554427
peptidoglycan_rxn	0.001891224053554427
rxn00141_c	0.03171551248281968
rxn02177_c	0.03171551248281968
rxn00947_c	0.0288147711822651
rxn09448_c	0.0288147711822651
rxn05736_c	0.0288147711822651
rxn09450_c	0.0288147711822651
rxn00988_c	0.0288147711822651
rxn09449_c	0.0288147711822651
rxn03861_c	0.0003185999385028026
rxn01452_c	0.0003185999385028026
rxn00575_c	0.003330480752488599
rxn00022_c	0.003330480752488599
rxn00973_c	0.015628067913652007
rxn01388_c	0.015628067913652007
rxn00974_c	0.015628067913652007
rxn04031_c	0.11109690995106157
rxn00405_c	0.043125835861757264
rxn01231_c	0.043125835861757264
rxn00322_c	0.043125835861757264
rxn00346_c	0.043125835861757264
rxn00194_c	0.043125835861757264
rxn05459_c	0.002019034494000319
rxn05458_c	0.002019034494000319
rxn05465_c	0.002019034494000319
rxn05453_c	0.002019034494000319
rxn05452_c	0.002019034494000319
rxn05451_c	0.002019034494000319
rxn05457_c	0.002019034494000319
rxn05408_c	0.002019034494000319
rxn05358_c	0.002019034494000319
rxn05455_c	0.002019034494000319
rxn05456_c	0.002019034494000319
rxn05383_c	0.002019034494000319
rxn05454_c	0.002019034494000319
rxn10285_c	0.009824732987318981
rxn10278_c	0.009824732987318981
rxn10283_c	0.009824732987318981
rxn10286_c	0.009824732987318981
rxn10275_c	0.009824732987318981
rxn10274_c	0.009824732987318981
rxn10284_c	0.009824732987318981
rxn10287_c	0.009824732987318981
rxn10277_c	0.009824732987318981
rxn10288_c	0.009824732987318981
rxn10281_c	0.009824732987318981
rxn10272_c	0.009824732987318981
rxn10279_c	0.009824732987318981
rxn10282_c	0.009824732987318981
rxn10273_c	0.009824732987318981
rxn10280_c	0.009824732987318981
rxn10276_c	0.009824732987318981
rxn10271_c	0.009824732987318981
rxn03366_c	0.0019153042814645223
rxn03365_c	0.0019153042814645223
rxn07885_c	0.0019153042814645223
rxn01643_c	0.0019153042814645223
rxn01851_c	0.0019153042814645223
rxn04744_c	0.0019153042814645223
rxn07875_c	0.0019153042814645223
rxn03921_c	0.0019153042814645223
rxn05126_c	0.0019153042814645223
rxn07876_c	0.0019153042814645223
rxn03915_c	0.0019153042814645223
rxn03618_c	0.0019153042814645223
rxn05127_c	0.0019153042814645223
rxn04658_c	0.0019153042814645223
rxn04737_c	0.0019153042814645223
rxn02107_c	0.0019153042814645223
rxn02687_c	0.0019153042814645223
rxn04270_c	0.0019153042814645223
rxn04271_c	0.0019153042814645223
rxn00532_c	0.0019153042814645223
rxn04727_c	0.0019153042814645223
rxn04723_c	0.0019153042814645223
rxn05367_c	0.0007687149678992039
rxn05371_c	0.0007687149678992039
rxn05347_c	0.0007687149678992039
rxn05375_c	0.0007687149678992039
rxn05344_c	0.0007687149678992039
rxn05392_c	0.0007687149678992039
rxn05413_c	0.0007687149678992039
rxn05425_c	0.0007687149678992039
rxn05417_c	0.0007687149678992039
rxn05345_c	0.0007687149678992039
rxn05346_c	0.0007687149678992039
rxn05350_c	0.0007687149678992039
rxn05429_c	0.0007687149678992039
rxn05363_c	0.0007687149678992039
rxn05421_c	0.0007687149678992039
rxn05343_c	0.0007687149678992039
rxn05359_c	0.0007687149678992039
rxn05388_c	0.0007687149678992039
rxn05404_c	0.0007687149678992039
rxn05400_c	0.0007687149678992039
rxn05384_c	0.0007687149678992039
rxn05348_c	0.0007687149678992039
rxn05349_c	0.0007687149678992039
rxn05396_c	0.0007687149678992039
rxn05379_c	0.0007687149678992039
rxn05460_c	0.0007687149678992039
rxn05409_c	0.0007687149678992039
rxn01548_c	0.005823710503795414
rxn01446_c	0.005823710503795414
rxn01647_c	0.005823710503795414
rxn01649_c	0.005823710503795414
rxn01799_c	0.005823710503795414
rxn01358_c	0.005823710503795414
rxn01138_c	0.005823710503795414
rxn01985_c	0.005823710503795414
rxn01859_c	0.005823710503795414
rxn01646_c	0.005823710503795414
rxn12636_c	0.0002296883277578344
rxn12645_c	0.0002296883277578344
rxn12634_c	0.0002296883277578344
rxn12644_c	0.0002296883277578344
rxn12640_c	0.0002296883277578344
rxn12638_c	0.0002296883277578344
rxn12845_c	0.0002296883277578344
rxn30246_c	0.0002296883277578344
rxn30237_c	0.0002296883277578344
rxn30238_c	0.0002296883277578344
rxn08133_c	0.0002296883277578344
rxn30239_c	0.0002296883277578344
rxn30244_c	0.0002296883277578344
rxn12844_c	0.0002296883277578344
rxn07466_c	0.0002296883277578344
rxn30241_c	0.0002296883277578344
rxn12846_c	0.0002296883277578344
rxn12847_c	0.0002296883277578344
rxn30247_c	0.0002296883277578344
rxn30245_c	0.0002296883277578344
rxn30240_c	0.0002296883277578344
rxn30242_c	0.0002296883277578344
rxn00490_c	0.00031489528805509555
rxn02168_c	0.00031489528805509555
rxn05958_c	0.017976816297498248
rxn00305_c	0.0023024402532499048
rxn00519_c	0.0023024402532499048
rxn09177_c	0.0023024402532499048
rxn12512_c	0.0023024402532499048
rxn02341_c	0.0023024402532499048
rxn00258_c	0.011426994305952261
rxn01018_c	0.011426994305952261
rxn00678_c	0.011426994305952261
rxn00800_c	0.004247381738296083
rxn00539_c	0.004247381738296083
rxn00211_c	0.002341339082950828
rxn01210_c	0.005164282724103567
rxn01603_c	0.005164282724103567
rxn00689_c	0.005164282724103567
rxn01303_c	0.15935739133334073
rxn01636_c	0.15935739133334073
rxn00192_c	0.15935739133334073
rxn00708_c	0.017022868807213695
rxn00913_c	0.017022868807213695
rxn00132_c	0.017022868807213695
rxn01145_c	0.017022868807213695
rxn01961_c	0.017022868807213695
rxn00550_c	0.017022868807213695
rxn00831_c	0.017022868807213695
rxn01507_c	0.017022868807213695
rxn01521_c	0.017022868807213695
rxn01445_c	0.017022868807213695
rxn00363_c	0.017022868807213695
rxn01670_c	0.017022868807213695
rxn01218_c	0.017022868807213695
rxn02400_c	0.017022868807213695
rxn01199_c	0.07483393904368153
rxn00545_c	0.001696729905049809
rxn01343_c	0.001696729905049809
rxn01215_c	0.001696729905049809
rxn06488_c	1.0
rxn05183_c	0.014262904223671975
rxn02835_c	0.017104371117063248
rxn01547_c	0.017104371117063248
rxn02834_c	0.017104371117063248
rxn02320_c	0.008489206500920606
rxn00493_c	0.018462125506147866
rxn00527_c	0.018462125506147866
rxn00806_c	0.018462125506147866
rxn01270_c	0.018462125506147866
rxn00783_c	0.015563236530817134
rxn02504_c	0.015563236530817134
rxn04082_c	0.24811525908472906
rxn08352_c	0.00816319726152239
rxn04113_c	0.00816319726152239
rxn04996_c	0.00816319726152239
rxn08756_c	0.00816319726152239
rxn01600_c	0.03471257469501465
rxn08168_c	0.03471257469501465
rxn02015_c	0.00027043948268261147
rxn02796_c	0.00027043948268261147
rxn02795_c	0.00027043948268261147
rxn03095_c	0.00027043948268261147
rxn03094_c	0.00027043948268261147
rxn04068_c	0.00027043948268261147
rxn09108_c	0.008776316910617898
rxn09114_c	0.008776316910617898
rxn09112_c	0.008776316910617898
rxn10262_c	0.008776316910617898
rxn09109_c	0.008776316910617898
rxn09113_c	0.008776316910617898
rxn09110_c	0.008776316910617898
rxn10259_c	0.008776316910617898
rxn10261_c	0.008776316910617898
rxn09111_c	0.008776316910617898
rxn10264_c	0.008776316910617898
rxn10260_c	0.008776316910617898
rxn10263_c	0.008776316910617898
rxn02405_c	0.005682933786782548
rxn08307_c	0.005682933786782548
rxn08309_c	0.005682933786782548
rxn10225_c	0.005682933786782548
rxn08312_c	0.005682933786782548
rxn10220_c	0.005682933786782548
rxn08311_c	0.005682933786782548
rxn10222_c	0.005682933786782548
rxn10223_c	0.005682933786782548
rxn08308_c	0.005682933786782548
rxn10221_c	0.005682933786782548
rxn08310_c	0.005682933786782548
rxn10224_c	0.005682933786782548
rxn08306_c	0.005682933786782548
rxn06759_c	0.007379663691832357
rxn01213_c	0.007379663691832357
rxn06750_c	0.007379663691832357
rxn03463_c	0.007379663691832357
rxn03185_c	0.007379663691832357
rxn01466_c	0.007379663691832357
rxn06735_c	0.007379663691832357
rxn06728_c	0.007379663691832357
rxn05287_c	0.021840766714456658
rxn01486_c	0.021840766714456658
rxn03892_c	0.021840766714456658
rxn03891_c	0.021840766714456658
rxn00898_c	0.04304618587713156
rxn03437_c	0.04304618587713156
rxn05040_c	0.02658086696229777
rxn00300_c	0.02658086696229777
rxn02090_c	0.02658086696229777
rxn03030_c	0.001913451956240669
rxn05235_c	0.0006835080076019427
rxn05236_c	0.0006835080076019427
rxn05234_c	0.0006835080076019427
rxn05232_c	0.0006835080076019427
rxn02988_c	0.043022105649221466
rxn00143_c	0.011978987222660605
rxn00165_c	0.0024821157999636943
rxn09562_c	0.010984288577451274
rxn00119_c	0.00043900107805328026
rxn00239_c	0.010984288577451274
rxn01517_c	0.0031730331084610514
rxn01509_c	0.010984288577451274
rxn05814_c	0.010984288577451274
rxn18658_c	0.00014818601790828027
rxn30268_c	0.00014818601790828027
rxn12850_c	0.00014818601790828027
rxn30264_c	0.00014818601790828027
rxn05538_c	0.00014818601790828027
rxn05546_c	0.00014818601790828027
rxn30280_c	0.00014818601790828027
rxn05534_c	0.00014818601790828027
rxn30276_c	0.00014818601790828027
rxn05541_c	0.00014818601790828027
rxn30274_c	0.00014818601790828027
rxn30270_c	0.00014818601790828027
rxn05536_c	0.00014818601790828027
rxn12848_c	0.00014818601790828027
rxn12849_c	0.00014818601790828027
rxn30259_c	0.00014818601790828027
rxn09189_c	0.00014818601790828027
rxn30262_c	0.00014818601790828027
rxn30266_c	0.00014818601790828027
rxn05545_c	0.00014818601790828027
rxn30278_c	0.00014818601790828027
rxn12851_c	0.00014818601790828027
rxn03665_c	0.004804931630675987
rxn04604_c	0.004804931630675987
rxn06905_c	0.004804931630675987
rxn03666_c	0.004804931630675987
rxn07346_c	0.004804931630675987
rxn07622_c	0.004804931630675987
rxn01895_c	0.004804931630675987
rxn11610_c	0.004804931630675987
rxn03486_c	0.004804931630675987
rxn03667_c	0.004804931630675987
rxn04238_c	0.004804931630675987
rxn12147_c	0.004804931630675987
rxn03873_c	0.004804931630675987
rxn07609_c	0.004804931630675987
rxn00001_c	0.0005427312905890764
rxn01322_c	0.016506070069758568
rxn07879_c	0.016506070069758568
rxn00781_c	0.0001241057899981847
rxn01331_c	0.0001241057899981847
rxn00710_c	0.013179293967717677
rxn10324_c	0.0011873404684900955
rxn10321_c	0.0011873404684900955
rxn10317_c	0.0011873404684900955
rxn10316_c	0.0011873404684900955
rxn10322_c	0.0011873404684900955
rxn10191_c	0.0005149464122312739
rxn10323_c	0.0011873404684900955
rxn03075_c	0.0580277922876587
rxn01114_c	0.0580277922876587
rxn02305_c	0.06629286743649303
rxn00470_c	0.006208994150356943
rxn00313_c	0.006208994150356943
rxn04954_c	0.015828119037828187
rxn00910_c	0.015828119037828187
rxn10254_c	0.020653426245966562
rxn08299_c	0.020653426245966562
rxn08295_c	0.020653426245966562
rxn08294_c	0.020653426245966562
rxn08300_c	0.020653426245966562
rxn08298_c	0.020653426245966562
rxn08297_c	0.020653426245966562
rxn10255_c	0.020653426245966562
rxn08296_c	0.020653426245966562
rxn10253_c	0.020653426245966562
rxn10257_c	0.020653426245966562
rxn10258_c	0.020653426245966562
rxn10256_c	0.020653426245966562
rxn05647_c	0.018013862801975318
rxn01522_c	0.03869322160107583
rxn00029_c	0.0018745531265397454
rxn00474_c	0.0018745531265397454
rxn01682_c	0.0018745531265397454
rxn01964_c	0.0018745531265397454
rxn01241_c	0.009161600557179427
rxn00908_c	0.008233585620028822
rxn06377_c	0.020849772719695032
rxn00337_c	0.003441620265919809
rxn01917_c	0.17818442490858774
rxn03243_c	0.026417862342598665
rxn02680_c	0.026417862342598665
rxn06510_c	0.026417862342598665
rxn00676_c	0.026417862342598665
rxn03248_c	0.026417862342598665
rxn02804_c	0.026417862342598665
rxn00055_c	0.035262715286499144
rxn00649_c	0.035262715286499144
rxn05733_c	0.035262715286499144
rxn00416_c	0.05411012443920854
rxn01073_c	0.0408215432832835
rxn08669_c	0.0408215432832835
rxn00758_c	0.0408215432832835
rxn00256_c	0.06600020005112417
rxn00902_c	0.06600020005112417
rxn06672_c	0.0020783089011636308
rxn02961_c	0.015172395908584045
rxn02155_c	0.00392878179979328
rxn01479_c	0.015172395908584045
rxn00105_c	0.00392878179979328
rxn01739_c	0.008013158918390256
rxn01268_c	0.0046715642145585354
rxn01269_c	0.0046715642145585354
rxn00641_c	0.00392878179979328
rxn00193_c	0.010465637514772294
rxn01974_c	0.010465637514772294
rxn00242_c	0.0026006646142903186
rxn00303_c	0.0026006646142903186
rxn00568_c	0.0038306085629290446
rxn00569_c	0.0038306085629290446
rxn08971_c	0.0002148697259670064
rxn08975_c	0.0002148697259670064
rxn08976_c	0.0002148697259670064
rxn02474_c	0.018625130125846975
rxn01635_c	0.018625130125846975
rxn05054_c	0.00683137542557172
rxn01135_c	0.00683137542557172
rxn04384_c	0.00683137542557172
rxn00060_c	0.003969532954718058
rxn00225_c	0.0005890394211854141
rxn00985_c	0.0005890394211854141
rxn01102_c	0.010615675857904428
rxn00780_c	0.02970944426538634
rxn00148_c	0.00030563366193582807
rxn01396_c	0.007142566063179109
rxn01807_c	0.007142566063179109
rxn00124_c	0.007142566063179109
rxn08647_c	0.010615675857904428
rxn00100_c	0.013864654300543473
rxn00134_c	0.013864654300543473
rxn08025_c	0.0032823202966684078
rxn09992_c	0.0032823202966684078
rxn09978_c	0.015229817990523505
rxn02821_c	0.015229817990523505
rxn06760_c	0.015229817990523505
rxn06752_c	0.015229817990523505
rxn03467_c	0.015229817990523505
rxn03465_c	0.015229817990523505
rxn09979_c	0.015229817990523505
rxn06394_c	0.015229817990523505
rxn00789_c	0.0132978427820443
rxn10175_c	0.024185810447855192
rxn09655_c	0.024185810447855192
rxn09658_c	0.024185810447855192
rxn05560_c	0.024185810447855192
rxn05158_c	0.1265971674242677
rxn05298_c	5.927440716331211e-05
rxn00297_c	0.05159651911043933
rxn02975_c	0.05159651911043933
rxn00292_c	0.05159651911043933
rxn05005_c	0.0023376344325031213
rxn05006_c	0.0023376344325031213
rxn02264_c	0.0023376344325031213
rxn03903_c	0.00431962242202637
rxn07100_c	0.00431962242202637
rxn03904_c	0.00431962242202637
rxn07261_c	0.00431962242202637
rxn01127_c	0.00043900107805328026
rxn10052_c	0.00043900107805328026
rxn00097_c	0.00043900107805328026
rxn04781_c	0.006779510319303822
rxn01217_c	0.006779510319303822
rxn04780_c	0.006779510319303822
rxn04779_c	0.006779510319303822
rxn02212_c	0.004269609640982325
rxn00695_c	0.014522229755011466
rxn07734_c	0.0015059404069928983
rxn07673_c	0.0015059404069928983
rxn07670_c	0.0015059404069928983
rxn07672_c	0.0015059404069928983
rxn04937_c	0.0015059404069928983
rxn07721_c	0.0015059404069928983
rxn07720_c	0.0015059404069928983
rxn03638_c	0.0015059404069928983
rxn00692_c	0.0035416458280078983
rxn01492_c	0.05363778150712589
rxn02489_c	0.05363778150712589
rxn02262_c	0.06349215169802654
rxn00802_c	0.009415369112847358
rxn02182_c	0.009415369112847358
rxn01345_c	0.014601879739637167
rxn02160_c	0.014601879739637167
rxn00926_c	0.01992361010776828
rxn08884_c	0.011073200188196243
rxn10862_c	0.062245536822373125
rxn11749_c	0.014813044815156466
rxn00907_c	0.014813044815156466
rxn01368_c	0.00548288266260637
rxn08521_c	0.014813044815156466
rxn01800_c	0.00548288266260637
rxn14054_c	1.667092701468153e-05
rxn03282_c	1.667092701468153e-05
rxn04726_c	1.667092701468153e-05
rxn00763_c	1.667092701468153e-05
rxn10770_c	1.667092701468153e-05
rxn11809_c	1.667092701468153e-05
rxn01530_c	1.667092701468153e-05
rxn03333_c	1.667092701468153e-05
rxn11838_c	1.667092701468153e-05
rxn04736_c	1.667092701468153e-05
rxn05871_c	1.667092701468153e-05
rxn11834_c	1.667092701468153e-05
rxn14089_c	1.667092701468153e-05
rxn05872_c	1.667092701468153e-05
rxn04908_c	1.667092701468153e-05
rxn00171_c	1.667092701468153e-05
rxn12191_c	1.667092701468153e-05
rxn03958_c	0.005749617494841274
rxn00259_c	0.020579333237012422
rxn03841_c	0.020579333237012422
rxn00178_c	8.335463507340766e-05
rxn01362_c	0.008109479830030637
rxn00790_c	0.009228284265238154
rxn11759_c	0.009228284265238154
rxn03167_c	0.007179612567656179
rxn00549_c	0.004473365415606211
rxn05735_c	0.011982691873108313
rxn01459_c	0.011982691873108313
rxn05734_c	0.011982691873108313
rxn00653_c	0.011982691873108313
rxn01286_c	0.011982691873108313
rxn00506_c	0.011982691873108313
rxn02853_c	0.011982691873108313
rxn00340_c	0.006579459195127643
rxn10060_c	0.00566811518499172
rxn00077_c	0.00566811518499172
rxn05617_c	0.0032767633209968474
rxn00611_c	0.0034619958433821977
rxn00612_c	0.0034619958433821977
rxn12405_c	0.09098621499568409
rxn02159_c	0.012147548818031274
rxn00859_c	0.012147548818031274
rxn00863_c	0.012147548818031274
rxn01132_c	0.005760731446184396
rxn01966_c	0.005760731446184396
rxn02791_c	0.011163964124165064
rxn02792_c	0.011163964124165064
rxn00559_c	0.006596130122142325
rxn01292_c	0.006596130122142325
rxn00558_c	0.0003482371420844586
rxn02380_c	0.0003482371420844586
rxn01044_c	0.0003482371420844586
rxn01977_c	0.0003482371420844586
rxn00223_c	0.0003482371420844586
rxn08792_c	0.007174055591984618
rxn00499_c	0.007174055591984618
rxn00741_c	0.007174055591984618
rxn00145_c	0.007174055591984618
rxn08793_c	0.007174055591984618
rxn02228_c	0.007174055591984618
rxn10131_c	0.003345299354279427
rxn05172_c	0.0009946986452093313
rxn01157_c	0.0031156110265215925
rxn05957_c	0.007531554360188345
rxn06078_c	0.007531554360188345
rxn00952_c	0.007531554360188345
rxn03483_c	0.0038732120430776756
rxn02522_c	0.0038732120430776756
rxn02762_c	0.0038732120430776756
rxn01844_c	0.0038732120430776756
rxn02521_c	0.0038732120430776756
rxn05938_c	1.8523252238535034e-06
rxn02900_c	0.002841466893391274
rxn11584_c	0.002841466893391274
rxn00537_c	0.002841466893391274
rxn03837_c	0.002841466893391274
rxn03721_c	0.002841466893391274
rxn00422_c	0.003337890053384013
rxn00272_c	0.003337890053384013
rxn34423_c	0.0007946475210331529
rxn14293_c	0.004395567756204363
rxn05607_c	0.03644449877931768
rxn05226_c	0.0009169009858074842
rxn03849_c	0.01333488928652137
rxn03848_c	0.01333488928652137
rxn01265_c	0.0015892950420663059
rxn00012_c	0.0015892950420663059
rxn01280_c	0.4115755507889053
rxn01281_c	0.4115755507889053
rxn09320_c	0.0027099518024976755
rxn00711_c	0.0027099518024976755
rxn01465_c	0.005249489684400828
rxn04453_c	0.005249489684400828
rxn05145_c	0.0033656749317418156
rxn01301_c	0.021890779495500702
rxn00214_c	0.003028551741000478
rxn02737_c	0.003028551741000478
rxn00295_c	0.003028551741000478
rxn06436_c	0.0012373532495341402
rxn06937_c	0.0012373532495341402
rxn01637_c	0.13778150712589513
rxn00950_c	0.011173225750284331
rxn06517_c	0.011173225750284331
rxn00566_c	0.011173225750284331
rxn02639_c	0.023552315221297294
rxn14138_c	0.023552315221297294
rxn03762_c	0.002528423930560032
rxn00461_c	0.002528423930560032
rxn00392_c	0.0029563110572701913
rxn30210_c	0.0029563110572701913
rxn01671_c	0.0029563110572701913
rxn00122_c	0.0029563110572701913
rxn00747_c	0.0009965509704331847
rxn01334_c	0.00013521974134130573
rxn01870_c	0.00013521974134130573
rxn00786_c	0.00013521974134130573
rxn06673_c	0.0035286795514409236
rxn02175_c	0.01362014737099481
rxn03884_c	0.07040317710822395
rxn04385_c	0.007811255468990224
rxn08783_c	0.00020190344940003186
rxn00500_c	0.00020190344940003186
rxn00146_c	0.00020190344940003186
rxn04413_c	0.0083539867595793
rxn03536_c	0.0083539867595793
rxn03537_c	0.0083539867595793
rxn02009_c	0.06748206023020697
rxn01653_c	0.06748206023020697
rxn00555_c	0.0007927951958092994
rxn03080_c	0.05411012443920854
rxn03644_c	0.044650299520988694
rxn00147_c	0.006923991686764395
rxn01986_c	0.00425664336441535
rxn01505_c	0.00425664336441535
rxn00737_c	0.0008409556516294905
rxn00213_c	0.0032989912236830892
rxn01740_c	0.005338401295145796
rxn05655_c	0.0002482115799963694
rxn00772_c	0.02222790268624204
rxn01987_c	0.02222790268624204
rxn04043_c	0.02222790268624204
rxn00139_c	0.005753322145288981
rxn02362_c	0.027201395912288696
rxn03910_c	0.027201395912288696
rxn03540_c	0.00366945626845379
rxn03175_c	0.0199069391807536
rxn01023_c	0.03913777965480067
rxn04712_c	0.00868740529987293
rxn04454_c	0.00868740529987293
rxn04794_c	0.00016300461969910829
rxn07584_c	0.027162497082587774
rxn01717_c	0.013040369575928664
rxn00182_c	0.00010373021253579618
rxn30075_c	0.00010373021253579618
rxn05567_c	0.019204907920913124
rxn01119_c	0.002043114721910414
rxn02819_c	0.018830738225694716
rxn05681_c	0.04752325594318548
rxn08615_c	0.007596385743023217
rxn00126_c	0.00246914952339672
rxn02584_c	0.004582652603813567
rxn00008_c	0.11596482063934857
rxn09953_c	0.023822754703979907
rxn01871_c	0.039663840018375064
rxn00404_c	0.003536088852336338
rxn01461_c	0.003536088852336338
rxn14301_c	0.003536088852336338
rxn01333_c	0.003536088852336338
rxn00704_c	0.028629538659879748
rxn02484_c	0.0681544542864658
rxn03108_c	0.0681544542864658
rxn05671_c	0.06611319188977924
rxn01133_c	0.0204607844226858
rxn05555_c	0.13513453438100848
rxn02171_c	0.003754663228751051
rxn02167_c	0.003754663228751051
rxn03642_c	0.003754663228751051
rxn01300_c	0.007142566063179109
rxn00634_c	0.12641749187755388
rxn03886_c	0.12641749187755388
rxn03908_c	0.0037583678791987584
rxn00181_c	0.0005186510626789809
rxn01236_c	0.0014188811214717835
rxn00838_c	0.0015133497078883122
rxn01641_c	0.0051031559917164016
rxn02283_c	0.0051031559917164016
rxn00748_c	0.009706184172992358
rxn07448_c	0.009706184172992358
rxn01255_c	0.0031193156769692997
rxn14294_c	0.0031193156769692997
rxn00776_c	0.009604306285680415
rxn10114_c	1.0
rxn00690_c	0.0012392055747579938
rxn05496_c	0.015731798126187805
rxn05494_c	0.015731798126187805
rxn00109_c	0.0014299950728149046
rxn00260_c	0.00112621373610293
rxn02339_c	0.00112621373610293
rxn06449_c	0.0012355009243102868
rxn06300_c	0.0009020823840166562
rxn06443_c	0.0008928207578973886
rxn06434_c	0.001756004312213121
rxn06432_c	0.0012040113955047772
rxn06446_c	0.0012595811522203822
rxn06448_c	0.005768140747079809
rxn06439_c	0.002554356483693981
rxn06442_c	0.0004982754852165923
rxn06440_c	0.000290815060145
rxn06444_c	0.0004927185095450319
rxn06280_c	0.0012929230062497454
rxn06435_c	0.0014577799511727072
rxn06438_c	0.0003537941177560191
rxn06936_c	0.0006816556823780892
rxn06441_c	0.0007557486913322293
rxn06447_c	0.0008742975056588536
rxn01654_c	0.017704524489591783
rxn01951_c	0.020727519254920702
rxn02548_c	0.0008909684326735351
rxn05202_c	0.0850458080027859
rxn02115_c	0.0047938176793328666
rxn01116_c	0.0047938176793328666
rxn00187_c	0.0038583934412868472
rxn00546_c	0.004719724670378726
rxn00629_c	0.004719724670378726
rxn05197_c	0.012566174318622166
rxn05527_c	0.019919905457320575
rxn09657_c	0.019919905457320575
rxn10421_c	0.006896206808406593
rxn11334_c	0.006896206808406593
rxn02503_c	0.007827926396004905
rxn03135_c	0.016133752699764015
R03018_c	0.006896206808406593
rxn05645_c	0.006896206808406593
rxn05255_c	0.006896206808406593
COG3601_c	0.006896206808406593
rxn03136_c	0.02637711118767389
rxn02937_c	0.012645824303247868
rxn03843_c	0.003647228365767548
rxn09345_c	0.003647228365767548
rxn00606_c	2.778487835780255e-05
rxn13022_c	0.12780488347022018
rxn03062_c	0.11077090071166334
rxn01208_c	0.11077090071166334
rxn00735_c	0.11077090071166334
rxn05170_c	0.04703424208408816
rxn02402_c	0.01464077856933809
rxn10184_c	0.06878054021212829
rxn29571_c	0.14359039902789972
rxn12619_c	0.14359039902789972
rxn05486_c	0.14359039902789972
rxn03005_c	0.03108016493103793
rxn01652_c	0.03108016493103793
rxn03004_c	0.03108016493103793
rxn14090_c	0.00621825577647621
rxn01607_c	0.04198295119863965
rxn00547_c	0.04198295119863965
rxn14300_c	0.0017356287347507326
R01174_1_c	0.0017356287347507326
R01174_4_c	0.0017356287347507326
rxn00871_c	0.0017356287347507326
R01174_2_c	0.0017356287347507326
R01174_3_c	0.0017356287347507326
R01174_5_c	0.0017356287347507326
rxn14287_c	0.0017356287347507326
rxn00669_c	0.0017356287347507326
rxn01404_c	0.026560491384835384
rxn03489_c	0.040208423634187994
rxn02131_c	0.008339168157788472
rxn00151_c	0.001398505544009395
rxn06023_c	0.001398505544009395
rxn01304_c	0.01282179519951395
rxn05919_c	0.01282179519951395
rxn01639_c	0.013894291504125128
rxn00905_c	0.003584249308156529
rxn01106_c	0.0001555953188036943
rxn00504_c	0.004460399139039236
rxn00929_c	0.004460399139039236
rxn00931_c	0.004460399139039236
rxn00314_c	0.004460399139039236
rxn02418_c	0.01270509871041118
rxn00420_c	0.01270509871041118
rxn00410_c	0.004278871267101593
rxn00412_c	0.004278871267101593
rxn01434_c	0.004278871267101593
rxn00787_c	0.10779791872737848
rxn01537_c	0.007027721899300191
rxn00552_c	0.007027721899300191
rxn00775_c	0.007498212506158982
rxn00505_c	0.027558894680492423
rxn10168_c	0.05396193842130026
rxn02421_c	0.022435363111313632
rxn03907_c	0.022435363111313632
rxn12212_c	7.594533417799363e-05
rxn10042_c	7.594533417799363e-05
rxn02895_c	0.0143814530379986
rxn00189_c	0.01043229566074293
rxn00469_c	0.01043229566074293
rxn01648_c	0.01705806298646691
rxn27328_c	0.01705806298646691
rxn06205_c	0.01705806298646691
rxn01366_c	0.01705806298646691
rxn04045_c	0.0027488506321985988
rxn09996_c	0.005099451341268694
rxn00048_c	0.03931745520151446
rxn05233_c	0.012677313832053377
rxn06076_c	0.012677313832053377
rxn06075_c	0.012677313832053377
rxn05231_c	0.012677313832053377
rxn07454_c	0.002934083154583949
rxn00348_c	0.02113317847894462
rxn05160_c	0.023841277956218442
rxn05644_c	0.023841277956218442
rxn05549_c	0.023841277956218442
rxn00615_c	0.01602076086110895
rxn01225_c	0.007503769481830542
rxn07449_c	0.027327354027510735
rxn01834_c	0.027327354027510735
rxn00714_c	0.008872637822258281
rxn01201_c	0.005406937328428376
rxn00440_c	0.005518076841859587
rxn01506_c	0.02637711118767389
rxn12510_c	0.0017393333851984396
rxn08655_c	0.000570516168946879
rxn08657_c	0.000570516168946879
rxn08656_c	0.000570516168946879
rxn00414_c	0.0006723940562588217
rxn00011_c	0.05396193842130026
rxn02185_c	0.05396193842130026
rxn03194_c	0.05396193842130026
rxn01069_c	0.006021909302747739
rxn03446_c	0.006021909302747739
rxn00607_c	0.010943537422526498
rxn02604_c	0.010943537422526498
rxn00784_c	0.013666455501591148
rxn00542_c	0.013666455501591148
rxn02285_c	0.005992272099166083
rxn05663_c	0.03325849939428965
rxn03538_c	0.010413772408504395
rxn06060_c	0.0015096450574406052
rxn00459_c	7.964998462570064e-05
rxn01626_c	0.06449981661980284
rxn02190_c	0.06449981661980284
rxn04032_c	0.06449981661980284
rxn00770_c	0.0012892183558020384
rxn05902_c	0.05407122560950761
rxn05209_c	0.004921628119778758
rxn00933_c	0.0013929485683378344
R06782_c	0.0013929485683378344
rxn05059_c	0.00548288266260637
rxn10474_c	0.022716916545339364
rxn05616_c	0.022716916545339364
rxn00858_c	0.03520529320455968
rxn00186_c	0.03520529320455968
rxn00992_c	0.12770115325768436
rxn00161_c	0.009867336467467612
rxn05551_c	0.13976349511541838
rxn01257_c	0.006440534803338631
rxn00980_c	0.02954458732046338
rxn03002_c	0.02954458732046338
rxn01329_c	0.0034564388677106373
rxn01216_c	0.0034564388677106373
rxn02213_c	0.042064453508489204
rxn10183_c	0.0009169009858074842
rxn07493_c	0.014861205270976657
rxn00834_c	0.0007112928859597452
rxn13713_c	0.00450485494441172
rxn03641_c	0.00450485494441172
rxn05313_c	0.004158470127551115
rxn01905_c	0.17733235530561514
rxn01332_c	0.0035064516487546818
rxn01200_c	0.0003871359717853822
rxn00785_c	0.0003871359717853822
rxn00693_c	0.00337864120830879
rxn03909_c	0.003252683093086752
rxn01101_c	0.00483271650903379
rxn06094_c	0.13778150712589513
rxn00355_c	0.011740037268783504
rxn03084_c	0.002096832153402166
rxn02005_c	0.0002482115799963694
rxn05201_c	0.003938043425912548
rxn01790_c	0.02009217170313895
rxn01485_c	0.0005760731446184395
rxn02897_c	0.003936191100688695
rxn01406_c	0.044403940266216184
rxn01068_c	0.008483649525249045
rxn00541_c	0.004560424701127325
rxn02473_c	0.020064386824781146
rxn20606_c	0.0002259836773101274
rxn02235_c	0.00679432892109465
rxn01710_c	0.00679432892109465
rxn05223_c	0.06185840085058774
rxn00085_c	0.007866825225705828
rxn02008_c	0.002924821528464682
rxn05740_c	0.004306656145459395
rxn01137_c	0.031028299824770032
rxn01858_c	0.031028299824770032
rxn08040_c	0.00048160455820191086
rxn03901_c	0.0043807491544135355
rxn00342_c	0.0059793058225991085
rxn00138_c	0.0040714108420300005
rxn09296_c	0.015229817990523505
rxn10169_c	0.17409819546476693
rxn02465_c	0.25013058892828166
rxn01791_c	0.022616890983251276
rxn00002_c	0.03580174192664051
rxn01519_c	0.011947497693855096
rxn00127_c	0.12641749187755388
rxn01513_c	0.01388502987800586
rxn01019_c	0.12183298694851648
rxn05518_c	0.005132793195298057
rxn05289_c	0.003326776102040892
rxn05669_c	0.07332429398624093
rxn05244_c	0.07332429398624093
rxn05237_c	0.024076523259647837
ID011_c	0.024076523259647837
rxn00799_c	0.020653426245966562
rxn01484_c	0.006120082539611975
rxn01620_c	0.13520307041429105
rxn18524_c	0.005356924547384331
rxn05165_c	5.55697567156051e-05
rxn05243_c	5.55697567156051e-05
rxn18584_c	5.55697567156051e-05
ENOG4108HXH_c	0.03495708162456331
rxn05169_c	0.047645509407959814
rxn05164_c	0.047645509407959814
rxn10144_c	0.047645509407959814
rxn10883_c	0.047645509407959814
rxn05155_c	0.047645509407959814
rxn05151_c	0.047645509407959814
rxn14152_c	0.032206378667140864
rxn21134_c	0.032206378667140864
R01214_c	0.032206378667140864
rxn01575_c	0.032206378667140864
rxn10563_c	0.24608325831416178
rxn10618_c	0.24608325831416178
rxn05061_c	0.005114269943059522
rxn10562_c	0.0551196416862087
rxn11676_c	0.011964168620869778
K20025_c	5.74220819394586e-05
R11076_c	5.74220819394586e-05
R11462_c	4.260348014863058e-05
rxn01610_c	0.001357754389084618
rxn07124_c	0.01245133015474325
rxn30338_c	0.05786478766795959
rxn25164_c	0.05786478766795959
rxn16140_c	0.004147356176207994
rxn16586_c	8.891161074496815e-05
rxn00602_c	8.891161074496815e-05
rxn03141_c	0.006049694181105542
rxn06437_c	0.0011780788423708282
rxn06445_c	0.000596448722080828
rxn02094_c	0.027953439953173218
rxn05610_c	0.027953439953173218
rxn05569_c	0.0002482115799963694
rxn46837_c	0.0002482115799963694
rxn05485_c	0.0002482115799963694
rxn02000_c	0.0301651162704543
rxn00686_c	0.009678399294634555
rxn01602_c	0.009678399294634555
rxn00655_c	0.009678399294634555
rxn07312_c	0.004607658994335589
rxn01520_c	0.004607658994335589
rxn03063_c	0.004607658994335589
rxn02003_c	0.03973608070210535
rxn05619_c	0.010087763169106178
rxn09310_c	0.07580640978620462
rxn05528_c	0.00037046504477070065
rxn05516_c	0.00037046504477070065
rxn10481_c	0.00037046504477070065
rxn10344_c	0.00037046504477070065
rxn10343_c	0.00037046504477070065
rxn03887_c	0.015335400528283154
rxn01997_c	0.015335400528283154
rxn00157_c	0.005855200032600924
rxn02569_c	0.008042796121971911
rxn01675_c	0.015796629509022678
rxn04561_c	0.5029692773338371
rxn08764_c	0.09777869159155488
rxn38907_c	0.02310034786667704
rxn00471_c	0.02310034786667704
rxn01021_c	0.012984799819213058
rxn08817_c	0.012984799819213058
rxn01297_c	0.012984799819213058
rxn06493_c	0.012984799819213058
rxn08823_c	0.012984799819213058
rxn08838_c	0.012984799819213058
rxn03482_c	0.012984799819213058
rxn08809_c	0.012984799819213058
rxn03174_c	0.012984799819213058
rxn08841_c	0.012984799819213058
rxn08845_c	0.012984799819213058
rxn08799_c	0.012984799819213058
rxn03419_c	0.012984799819213058
rxn08822_c	0.012984799819213058
rxn08844_c	0.012984799819213058
rxn05219_c	0.012984799819213058
rxn08839_c	0.012984799819213058
rxn08843_c	0.012984799819213058
rxn02314_c	0.012984799819213058
rxn03421_c	0.012984799819213058
rxn08815_c	0.012984799819213058
rxn08821_c	0.012984799819213058
rxn00299_c	0.012984799819213058
rxn01000_c	0.012984799819213058
rxn01100_c	0.012984799819213058
rxn01211_c	0.012984799819213058
rxn08850_c	0.012984799819213058
rxn01967_c	0.012984799819213058
rxn03147_c	0.012984799819213058
rxn02811_c	0.012984799819213058
rxn08847_c	0.012984799819213058
rxn01544_c	0.012984799819213058
rxn08820_c	0.012984799819213058
rxn03481_c	0.012984799819213058
rxn00832_c	0.012984799819213058
rxn08846_c	0.012984799819213058
rxn00543_c	0.012984799819213058
rxn00283_c	0.012984799819213058
rxn08851_c	0.012984799819213058
rxn02475_c	0.012984799819213058
rxn02789_c	0.012984799819213058
rxn05594_c	0.012984799819213058
rxn01302_c	0.012984799819213058
rxn00328_c	0.012984799819213058
rxn08848_c	0.012984799819213058
rxn08840_c	0.012984799819213058
rxn10473_c	0.012984799819213058
rxn03856_c	0.012984799819213058
rxn03137_c	0.012984799819213058
rxn08818_c	0.012984799819213058
rxn05599_c	0.012984799819213058
rxn00874_c	0.012984799819213058
rxn06600_c	0.012984799819213058
rxn08808_c	0.012984799819213058
rxn00912_c	0.012984799819213058
rxn08819_c	0.012984799819213058
rxn00608_c	0.012984799819213058
rxn08842_c	0.012984799819213058
rxn00778_c	0.012984799819213058
rxn00302_c	0.012984799819213058
rxn08797_c	0.012984799819213058
rxn08849_c	0.012984799819213058
rxn00293_c	0.012984799819213058
EX_cpd01030_e	0.012984799819213058
EX_cpd00276_e	0.012984799819213058
EX_cpd00082_e	0.012984799819213058
EX_cpd00080_e	0.012984799819213058
EX_cpd00001_e	0.012984799819213058
EX_cpd00023_e	0.012984799819213058
EX_cpd00971_e	0.012984799819213058
EX_cpd00314_e	0.012984799819213058
EX_cpd00797_e	0.012984799819213058
EX_cpd00051_e	0.012984799819213058
EX_cpd00064_e	0.012984799819213058
EX_cpd10515_e	0.012984799819213058
EX_cpd00179_e	0.012984799819213058
EX_cpd00009_e	0.012984799819213058
EX_cpd00060_e	0.012984799819213058
EX_cpd00076_e	0.012984799819213058
EX_cpd01171_e	0.012984799819213058
EX_cpd00067_e	0.012984799819213058
EX_cpd00154_e	0.012984799819213058
EX_cpd00637_e	0.012984799819213058
EX_cpd00122_e	0.012984799819213058
EX_cpd00035_e	0.012984799819213058
EX_cpd00309_e	0.012984799819213058
EX_cpd00220_e	0.012984799819213058
EX_cpd00588_e	0.012984799819213058
EX_cpd00117_e	0.012984799819213058
EX_cpd00307_e	0.012984799819213058
EX_cpd00254_e	0.012984799819213058
EX_cpd00205_e	0.012984799819213058
EX_cpd00138_e	0.012984799819213058
EX_cpd00305_e	0.012984799819213058
EX_cpd01242_e	0.012984799819213058
EX_cpd03048_e	0.012984799819213058
EX_cpd00065_e	0.012984799819213058
EX_cpd00149_e	0.012984799819213058
EX_cpd00099_e	0.012984799819213058
EX_cpd00162_e	0.012984799819213058
EX_cpd00395_e	0.012984799819213058
EX_cpd00027_e	0.012984799819213058
EX_cpd00794_e	0.012984799819213058
EX_cpd00105_e	0.012984799819213058
EX_cpd00226_e	0.012984799819213058
EX_cpd00104_e	0.012984799819213058
EX_cpd00007_e	0.012984799819213058
EX_cpd00092_e	0.012984799819213058
EX_cpd00208_e	0.012984799819213058
EX_cpd00158_e	0.012984799819213058
EX_cpd00011_e	0.012984799819213058
EX_cpd00063_e	0.012984799819213058
EX_cpd01080_e	0.012984799819213058
EX_cpd00156_e	0.012984799819213058
EX_cpd00039_e	0.012984799819213058
EX_cpd00393_e	0.012984799819213058
EX_cpd00264_e	0.012984799819213058
EX_cpd00322_e	0.012984799819213058
EX_cpd00030_e	0.012984799819213058
EX_cpd00516_e	0.012984799819213058
EX_cpd00084_e	0.012984799819213058
EX_cpd00644_e	0.012984799819213058
EX_cpd00263_e	0.012984799819213058
EX_cpd00232_e	0.012984799819213058
EX_cpd00492_e	0.012984799819213058
EX_cpd00751_e	0.012984799819213058
EX_cpd05161_e	0.012984799819213058
ID010_c	0.012984799819213058
EX_cpd00107_e	0.012984799819213058
EX_cpd00069_e	0.012984799819213058
rxn18579_c	0.012984799819213058
EX_cpd00066_e	0.012984799819213058
EX_cpd00129_e	0.012984799819213058
EX_cpd00567_e	0.012984799819213058
EX_cpd29317_e	0.012984799819213058
rxn05165_2_c	0.012984799819213058
EX_cpd00033_e	0.012984799819213058
rxn32054_c	0.012984799819213058
EX_cpd00119_e	0.012984799819213058
EX_cpd00132_e	0.012984799819213058
EX_cpd00054_e	0.012984799819213058
EX_cpd00161_e	0.012984799819213058
EX_cpd00053_e	0.012984799819213058
rxn34357_c	0.012984799819213058
EX_cpd00041_e	0.012984799819213058
rxn00804_c	0.012984799819213058
ID001_c	0.012984799819213058
EX_cpd05178_e	0.012984799819213058
ID002_c	0.012984799819213058
EX_cpd01711_e	0.012984799819213058
ID003_c	0.012984799819213058
EX_cpd19585_e	0.012984799819213058
ID004_c	0.012984799819213058
EX_cpd00489_e	0.012984799819213058
ID005_c	0.012984799819213058
EX_cpd01042_e	0.012984799819213058
rxn11336_c	0.012984799819213058
EX_cpd00430_e	0.012984799819213058
rxn12566_c	0.012984799819213058
EX_cpd00339_e	0.012984799819213058
ID006_c	0.012984799819213058
EX_C21399_e	0.012984799819213058
ID007_c	0.012984799819213058
EX_cpd03343_e	0.012984799819213058
ID008_c	0.012984799819213058
EX_cpd03170_e	0.012984799819213058
EX_cpd00036_e	0.012984799819213058
EX_cpd00211_e	0.012984799819213058
rxn09271_c	0.012984799819213058
ID009_c	0.012984799819213058
EX_cpd00029_e	0.012984799819213058
rxn08061_c	0.012984799819213058
EX_cpd00159_e	0.012984799819213058
EX_cpd00221_e	0.012984799819213058
rxn05602_c	0.012984799819213058
rxn10171_c	0.012984799819213058
rxn09172_c	0.012984799819213058
EX_cpd00141_e	0.012984799819213058
cellwall_rxn	0.012984799819213058
lipid_rxn	0.012984799819213058
cofactor_rxn	0.012984799819213058
biomass	0.012984799819213058
SK_cpd11416_c	0.012984799819213058
rxn08686_c	0.012984799819213058
rxn09031_c	0.012984799819213058
rxn05467_c	0.012984799819213058
rxn08186_c	0.012984799819213058
rxn08952_c	0.012984799819213058
rxn10161_c	0.012984799819213058
rxn05175_c	0.012984799819213058
rxn08304_c	0.012984799819213058
EX_cpd00013_e	0.012984799819213058
rxn05466_c	0.012984799819213058
EX_cpd00242_e	0.012984799819213058
rxn10826_c	0.012984799819213058
EX_cpd00133_e	0.012984799819213058
EX_cpd00443_e	0.012984799819213058
rxn01182_c	0.012984799819213058
rxn02269_c	0.012984799819213058
rxn09142_c	0.012984799819213058
rxn00530_c	0.012984799819213058
rxn09145_c	0.012984799819213058
rxn13139_c	0.012984799819213058
rxn00341_c	0.012984799819213058
rxn00620_c	0.012984799819213058
rxn01105_c	0.012984799819213058
rxn02476_c	0.012984799819213058
rxn00777_c	0.012984799819213058
rxn01014_c	0.012984799819213058
rxn01359_c	0.012984799819213058
rxn00970_c	0.012984799819213058
rxn05227_c	0.012984799819213058
rxn05293_c	0.012984799819213058
rxn12676_c	0.012984799819213058
rxn09341_c	0.012984799819213058
rxn13914_c	0.012984799819213058
rxn09147_c	0.012984799819213058
rxn10030_c	0.012984799819213058
rxn13012_c	0.012984799819213058
rxn12239_c	0.012984799819213058
rxn09119_c	0.012984799819213058
rxn02928_c	0.012984799819213058
rxn01953_c	0.012984799819213058
rxn00605_c	0.012984799819213058
rxn02011_c	0.012984799819213058
rxn00579_c	0.012984799819213058
rxn01644_c	0.012984799819213058
rxn10663_c	0.012984799819213058
rxn09429_c	0.012984799819213058
rxn09126_c	0.012984799819213058
rxn13140_c	0.012984799819213058
rxn05039_c	0.012984799819213058
rxn09065_c	0.012984799819213058
rxn10484_c	0.012984799819213058
rxn03164_c	0.012984799819213058
rxn10840_c	0.012984799819213058
rxn05291_c	0.012984799819213058
rxn03852_c	0.012984799819213058
rxn10036_c	0.012984799819213058
rxn01256_c	0.012984799819213058
rxn00553_c	0.012984799819213058
rxn08131_c	0.012984799819213058
rxn09063_c	0.012984799819213058
rxn09124_c	0.012984799819213058
rxn00958_c	0.012984799819213058
rxn00010_c	0.012984799819213058
rxn10053_c	0.012984799819213058
rxn09348_c	0.012984799819213058
rxn01669_c	0.012984799819213058
rxn05744_c	0.012984799819213058
rxn02286_c	0.012984799819213058
rxn01538_c	0.012984799819213058
rxn09163_c	0.012984799819213058
rxn13251_c	0.012984799819213058
rxn00285_c	0.012984799819213058
EX_cpd00210_e	0.012984799819213058
rxn01539_c	0.012984799819213058
protein_rxn	0.012984799819213058
EX_cpd11592_e	0.012984799819213058
EX_cpd11590_e	0.012984799819213058
EX_cpd11588_e	0.012984799819213058
EX_cpd11586_e	0.012984799819213058
EX_cpd11582_e	0.012984799819213058
EX_cpd11581_e	0.012984799819213058
EX_cpd15551_e	0.012984799819213058
EX_cpd15603_e	0.012984799819213058
EX_cpd15604_e	0.012984799819213058
EX_cpd15605_e	0.012984799819213058
EX_cpd15606_e	0.012984799819213058
EX_cpd29695_e	0.012984799819213058
EX_cpd29694_e	0.012984799819213058
EX_cpd29697_e	0.012984799819213058
EX_cpd29698_e	0.012984799819213058
EX_cpd29696_e	0.012984799819213058
EX_cpd29699_e	0.012984799819213058
EX_cpd29693_e	0.012984799819213058
EX_cpd29690_e	0.012984799819213058
EX_cpd29691_e	0.012984799819213058
EX_cpd29700_e	0.012984799819213058
rxn05178_c	0.012984799819213058
EX_cpd00320_e	0.012984799819213058
EX_cpd02711_e	0.012984799819213058
rxn12188_c	0.012984799819213058
rxn00367_c	0.012984799819213058
rxn13150_c	0.012984799819213058
rxn05147_c	0.012984799819213058
rxn00816_c	0.012984799819213058
rxn00808_c	0.012984799819213058
EX_cpd01553_e	0.012984799819213058
rxn05472_c	0.012984799819213058
R01103_c	0.012984799819213058
EX_cpd00589_e	0.012984799819213058
EX_cpd27607_e	0.012984799819213058
rxn17713_c	0.012984799819213058
EX_cpd00731_e	0.012984799819213058
rxn05554_c	0.012984799819213058
rxn05562_c	0.012984799819213058
rxn05563_c	0.012984799819213058
EX_cpd00072_e	0.012984799819213058
EX_cpd00089_e	0.012984799819213058
EX_cpd00079_e	0.012984799819213058
rxn05162_c	0.012984799819213058
EX_cpd00108_e	0.012984799819213058
rxn12549_c	0.012984799819213058
EX_cpd00136_e	0.012984799819213058
rxn12585_c	0.012984799819213058
EX_cpd03561_e	0.012984799819213058
rxn05561_c	0.012984799819213058
EX_cpd00106_e	0.012984799819213058
rxn10960_c	0.012984799819213058
EX_cpd00142_e	0.012984799819213058
rxn10827_c	0.012984799819213058
EX_cpd00383_e	0.012984799819213058
rxn05559_c	0.012984799819213058
EX_cpd00047_e	0.012984799819213058
rxn05470_c	0.012984799819213058
EX_cpd00139_e	0.012984799819213058
rxn05564_c	0.012984799819213058
EX_cpd00281_e	0.012984799819213058
rxn05703_c	0.012984799819213058
EX_cpd00165_e	0.012984799819213058
rxn09687_c	0.012984799819213058
EX_cpd03279_e	0.012984799819213058
rxn05316_c	0.012984799819213058
EX_cpd00246_e	0.012984799819213058
rxn05204_c	0.012984799819213058
EX_cpd00311_e	0.012984799819213058
rxn05198_c	0.012984799819213058
EX_cpd00367_e	0.012984799819213058
rxn09688_c	0.012984799819213058
EX_cpd00277_e	0.012984799819213058
rxn05318_c	0.012984799819213058
EX_cpd00182_e	0.012984799819213058
rxn05205_c	0.012984799819213058
EX_cpd00654_e	0.012984799819213058
rxn09685_c	0.012984799819213058
EX_cpd00412_e	0.012984799819213058
rxn05317_c	0.012984799819213058
EX_cpd00438_e	0.012984799819213058
rxn05674_c	0.012984799819213058
EX_cpd00274_e	0.012984799819213058
rxn05672_c	0.012984799819213058
EX_cpd00186_e	0.012984799819213058
EX_cpd00424_e	0.012984799819213058
rxn10398_c	0.012984799819213058
EX_cpd00504_e	0.012984799819213058
teichoicacid_rxn	0.012984799819213058
rxn12627_c	0.012984799819213058
EX_cpd00155_e	0.012984799819213058
rxn12539_c	0.012984799819213058
EX_cpd00042_e	0.012984799819213058
rxn05495_c	0.012984799819213058
EX_cpd00085_e	0.012984799819213058
rxn12597_c	0.012984799819213058
EX_cpd00152_e	0.012984799819213058
rxn12529_c	0.012984799819213058
EX_cpd00100_e	0.012984799819213058
rxn09692_c	0.012984799819213058
EX_cpd00098_e	0.012984799819213058
rxn05203_c	0.012984799819213058
EX_cpd00207_e	0.012984799819213058
rxn00131_c	0.012984799819213058
EX_cpd11574_e	0.012984799819213058
EX_cpd04097_e	0.012984799819213058
EX_cpd01012_e	0.012984799819213058
EX_cpd00531_e	0.012984799819213058
EX_cpd00058_e	0.012984799819213058
rna_rxn	0.012984799819213058
dna_rxn	0.012984799819213058
