CDR20291_3551	1198
CDR20291_3552	3757
CDR20291_0001	2351
CDR20291_0002	3455
CDR20291_0003	21225
CDR20291_0004	6068
CDR20291_0005	14307
CDR20291_0006	4183
CDR20291_0007	11360
CDR20291_0008	6009
CDR20291_0009	598
CDR20291_0010	41999
CDR20291_0011	2946
CDR20291_0012	1898
CDR20291_0013	2583
CDR20291_0014	7284
CDR20291_0015	28130
CDR20291_0016	10177
CDR20291_0017	6374
CDR20291_0018	16034
CDR20291_0019	12129
CDR20291_0020	531
CDR20291_0021	37
CDR20291_0022	66
CDR20291_0023	277
CDR20291_0024	414
CDR20291_0025	454
CDR20291_0026	669
CDR20291_0027	668
CDR20291_0028	1378
CDR20291_0029	198
CDR20291_0030	15
CDR20291_0031	13
CDR20291_0032	82
CDR20291_0033	3
CDR20291_0034	18
CDR20291_0035	1009
CDR20291_0036	1533
CDR20291_0037	1102
CDR20291_0038	31326
CDR20291_0039	43194
CDR20291_0040	21451
CDR20291_0041	18739
CDR20291_0042	4616
CDR20291_0043	7009
CDR20291_0044	3234
CDR20291_0045	12281
CDR20291_0046	7322
CDR20291_0047	1243
CDR20291_0048	6656
CDR20291_0049	4074
CDR20291_0050	6062
CDR20291_0051	96655
CDR20291_0052	1016
CDR20291_0053	3922
CDR20291_0054	21651
CDR20291_0055	17414
CDR20291_0056	40040
CDR20291_0057	28496
CDR20291_0058	21730
CDR20291_0059	3003
CDR20291_0060	113739
CDR20291_0061	132699
CDR20291_0062	21454
CDR20291_0063	31976
CDR20291_0064	195120
CDR20291_0065	27404
CDR20291_0066	10404
CDR20291_0067	38029
CDR20291_0068	33979
CDR20291_0069	8874
CDR20291_0070	50642
CDR20291_0071	8879
CDR20291_0072	10534
CDR20291_0073	42495
CDR20291_0074	15577
CDR20291_0075	4950
CDR20291_0076	7088
CDR20291_0077	12294
CDR20291_0078	10062
CDR20291_0079	21725
CDR20291_0080	2662
CDR20291_0081	13708
CDR20291_0082	24568
CDR20291_0083	14812
CDR20291_0084	27096
CDR20291_0085	5084
CDR20291_0086	23209
CDR20291_0087	67323
CDR20291_0088	37131
CDR20291_0089	40046
CDR20291_0090	4680
CDR20291_0091	2781
CDR20291_0092	673
CDR20291_0093	10574
CDR20291_0094	18579
CDR20291_0095	33020
CDR20291_0096	65316
CDR20291_0097	18362
CDR20291_0098	4911
CDR20291_0099	4434
CDR20291_0100	4018
CDR20291_0101	3255
CDR20291_0102	0
CDR20291_0103	15096
CDR20291_0104	1077
CDR20291_0105	22708
CDR20291_0106	29756
CDR20291_0107	5716
CDR20291_0108	2622
CDR20291_0109	5411
CDR20291_0110	3
CDR20291_0111	16284
CDR20291_0112	19005
CDR20291_0113	8076
CDR20291_0114	2339
CDR20291_0115	32640
CDR20291_0116	22815
CDR20291_0117	13708
CDR20291_0118	33603
CDR20291_0119	68233
CDR20291_0120	3200
CDR20291_0121	1455
CDR20291_0122	12870
CDR20291_0123	5853
CDR20291_0124	3898
CDR20291_0125	24
CDR20291_0126	6896
CDR20291_0127	3362
CDR20291_0128	131
CDR20291_0129	13056
CDR20291_0130	58
CDR20291_0131	2152
CDR20291_0132	664
CDR20291_0133	1054
CDR20291_0134	91
CDR20291_0135	173
CDR20291_0136	932
CDR20291_0137	286
CDR20291_0138	881
CDR20291_0139	251
CDR20291_0140	199
CDR20291_0141	12505
CDR20291_0142	28848
CDR20291_0143	9285
CDR20291_0144	6150
CDR20291_0145	4173
CDR20291_0146	4444
CDR20291_0147	979
CDR20291_0148	1108
CDR20291_0149	2051
CDR20291_0150	1442
CDR20291_0151	4591
CDR20291_0152	6466
CDR20291_0153	354
CDR20291_0154	2656
CDR20291_0155	3596
CDR20291_0156	904
CDR20291_0157	949
CDR20291_0158	146
CDR20291_0159	414
CDR20291_0160	368
CDR20291_0161	364
CDR20291_0162	27
CDR20291_0163	220
CDR20291_0164	64
CDR20291_0165	215
CDR20291_0166	224
CDR20291_0167	1086
CDR20291_0168	459
CDR20291_0169	5042
CDR20291_0170	7057
CDR20291_0171	14558
CDR20291_0172	477
CDR20291_0173	3619
CDR20291_0174	1213
CDR20291_0175	18941
CDR20291_0176	2010
CDR20291_0177	8544
CDR20291_0178	25391
CDR20291_0179	336
CDR20291_0180	75452
CDR20291_0181	237
CDR20291_0182	1420
CDR20291_0183	0
CDR20291_0184	15863
CDR20291_0185	2881
CDR20291_0186	1902
CDR20291_0187	2635
CDR20291_0188	3793
CDR20291_0189	1795
CDR20291_0190	1255
CDR20291_0191	2046
CDR20291_0192	1851
CDR20291_0193	3546
CDR20291_0194	1741
CDR20291_0195	31338
CDR20291_0196	1259
CDR20291_0197	0
CDR20291_0198	31846
CDR20291_0199	8492
CDR20291_0200	953
CDR20291_0201	386
CDR20291_0202	223
CDR20291_0203	64
CDR20291_0204	1085
CDR20291_0205	6313
CDR20291_0206	102
CDR20291_0207	15
CDR20291_0208	81
CDR20291_0209	18
CDR20291_0210	84
CDR20291_0211	897
CDR20291_0212	58
CDR20291_0213	13
CDR20291_0214	271
CDR20291_0215	621
CDR20291_0216	1003
CDR20291_0217	3303
CDR20291_0218	2593
CDR20291_0219	857
CDR20291_0220	2324
CDR20291_0221	2304
CDR20291_0222	14349
CDR20291_0223	667
CDR20291_0224	2082
CDR20291_0225	936
CDR20291_0226	2125
CDR20291_0227	1517
CDR20291_0228	992
CDR20291_0229	466
CDR20291_0230	429
CDR20291_0231	480
CDR20291_0232	3490
CDR20291_0233	2566
CDR20291_0234	574
CDR20291_0235	230
CDR20291_0236	814
CDR20291_0237	500
CDR20291_0238	6625
CDR20291_0239	659
CDR20291_0240	33884
CDR20291_0241	3177
CDR20291_0242	4319
CDR20291_0243	5336
CDR20291_0244	1671
CDR20291_0245	3104
CDR20291_0246	4752
CDR20291_0247	4358
CDR20291_0248	454
CDR20291_0249	760
CDR20291_0250	440
CDR20291_0251	3757
CDR20291_0252	2169
CDR20291_0253	1420
CDR20291_0254	3431
CDR20291_0255	425
CDR20291_0256	1816
CDR20291_0257	1096
CDR20291_0258	3376
CDR20291_0259	210
CDR20291_0260	2695
CDR20291_0261	2308
CDR20291_0262	887
CDR20291_0263	385
CDR20291_0264	1835
CDR20291_0265	358
CDR20291_0266	4941
CDR20291_0267	6054
CDR20291_0268	1766
CDR20291_0269	1958
CDR20291_0270	1105
CDR20291_0271	490
CDR20291_0272	1641
CDR20291_0273	1796
CDR20291_0274	1928
CDR20291_0275	795
CDR20291_0276	2745
CDR20291_0277	24181
CDR20291_0278	4509
CDR20291_0279	3551
CDR20291_0280	801
CDR20291_0281	308
CDR20291_0282	240
CDR20291_0283	295
CDR20291_0284	313
CDR20291_0285	3143
CDR20291_0286	3175
CDR20291_0287	44
CDR20291_0288	17
CDR20291_0289	13
CDR20291_0290	30
CDR20291_0291	57
CDR20291_0292	42
CDR20291_0293	53
CDR20291_0294	45
CDR20291_0295	175
CDR20291_0296	153
CDR20291_0297	145
CDR20291_0298	8026
CDR20291_0299	754
CDR20291_0300	367
CDR20291_0301	2520
CDR20291_0302	1578
CDR20291_0303	1364
CDR20291_0304	1089
CDR20291_0305	420
CDR20291_0306	319
CDR20291_0307	341
CDR20291_0308	143
CDR20291_0309	229
CDR20291_0310	210
CDR20291_0311	3289
CDR20291_0312	3414
CDR20291_0313	2467
CDR20291_0314	2547
CDR20291_0315	1833
CDR20291_0316	187
CDR20291_0317	1181
CDR20291_0318	19886
CDR20291_0319	174
CDR20291_0320	10
CDR20291_0321	1934
CDR20291_0322	1550
CDR20291_0323	2509
CDR20291_0324	1536
CDR20291_0325	1235
CDR20291_0326	153
CDR20291_0327	2095
CDR20291_0328	3424
CDR20291_0329	42683
CDR20291_0330	11831
CDR20291_0331	22561
CDR20291_0332	38788
CDR20291_0333	16808
CDR20291_0334	11037
CDR20291_0335	6641
CDR20291_0336	7115
CDR20291_0337	210
CDR20291_0338	34820
CDR20291_0339	356
CDR20291_0340	120
CDR20291_0341	334
CDR20291_0342	709
CDR20291_0343	693
CDR20291_0344	784
CDR20291_0345	15902
CDR20291_0346	650
CDR20291_0347	283
CDR20291_0348	771
CDR20291_0349	1532
CDR20291_0350	7940
CDR20291_0351	1200
CDR20291_0352	1889
CDR20291_0353	3869
CDR20291_0354	3826
CDR20291_0355	3024
CDR20291_0356	1246
CDR20291_0357	2135
CDR20291_0358	1522
CDR20291_0359	1892
CDR20291_0360	1336
CDR20291_0361	549
CDR20291_0362	383
CDR20291_0363	3548
CDR20291_0364	1518
CDR20291_0365	68344
CDR20291_0366	135035
CDR20291_0367	82094
CDR20291_0368	132850
CDR20291_0369	116445
CDR20291_0370	140657
CDR20291_0371	102521
CDR20291_0372	151376
CDR20291_0373	6734
CDR20291_0374	72990
CDR20291_0375	380
CDR20291_0376	0
CDR20291_0377	8290
CDR20291_0376_0	0
CDR20291_0378	6270
CDR20291_0379	1207
CDR20291_0380	150
CDR20291_0381	2802
CDR20291_0382	787
CDR20291_0383	623
CDR20291_0384	1104
CDR20291_0385	40
CDR20291_0386	3
CDR20291_0387	54
CDR20291_0388	2
CDR20291_0389	75
CDR20291_0390	32
CDR20291_0391	8
CDR20291_0392	73
CDR20291_0393	40
CDR20291_0394	458
CDR20291_0395	940
CDR20291_0396	2949
CDR20291_0397	250
CDR20291_0398	16
CDR20291_0399	209
CDR20291_0400	264
CDR20291_0401	1674
CDR20291_0402	3847
CDR20291_0403	1917
CDR20291_0404	1167
CDR20291_0405	2425
CDR20291_0406	129
CDR20291_0407	1964
CDR20291_0408	2917
CDR20291_0409	74
CDR20291_0410	183
CDR20291_0411	344
CDR20291_0412	3675
CDR20291_0413	790
CDR20291_0414	845
CDR20291_0415	549
CDR20291_0416	1381
CDR20291_0417	298
CDR20291_0418	131
CDR20291_0419	776
CDR20291_0420	343
CDR20291_0421	377
CDR20291_0422	566
CDR20291_0423	1632
CDR20291_0424	4508
CDR20291_0425	180
CDR20291_0426	14
CDR20291_0427	110
CDR20291_0428	324
CDR20291_0429	167
CDR20291_0430	1920
CDR20291_0431	122
CDR20291_0432	1263
CDR20291_0433	20
CDR20291_0434	74
CDR20291_0435	105
CDR20291_0436	264
CDR20291_0437	378
CDR20291_0438	156
CDR20291_0439	298
CDR20291_0440	6861
CDR20291_0441	3585
CDR20291_0442	6641
CDR20291_0443	1944
CDR20291_0444	944
CDR20291_0445	12418
CDR20291_0446	6291
CDR20291_0447	4062
CDR20291_0448	6858
CDR20291_0449	4021
CDR20291_0450	9562
CDR20291_0451	13500
CDR20291_0452	139
CDR20291_0453	33848
CDR20291_0454	6591
CDR20291_0455	14932
CDR20291_0456	326
CDR20291_0457	490
CDR20291_0458	612
CDR20291_0459	847
CDR20291_0460	1148
CDR20291_0461	909
CDR20291_0462	3195
CDR20291_0463	6525
CDR20291_0464	6602
CDR20291_0465	615
CDR20291_0466	1414
CDR20291_0467	1370
CDR20291_0468	448
CDR20291_0469	7377
CDR20291_0470	6937
CDR20291_0471	4720
CDR20291_0472	1802
CDR20291_0473	11563
CDR20291_0474	2408
CDR20291_0475	53
CDR20291_0476	25
CDR20291_0477	32
CDR20291_0478	977
CDR20291_0479	1236
CDR20291_0480	1073
CDR20291_0481	1673
CDR20291_0482	3869
CDR20291_0483	3105
CDR20291_0484	11145
CDR20291_0485	1568
CDR20291_0486	4705
CDR20291_0487	1246
CDR20291_0488	679
CDR20291_0489	2952
CDR20291_0490	446
CDR20291_0491	1618
CDR20291_0492	5623
CDR20291_0493	1301
CDR20291_0494	2251
CDR20291_0495	393
CDR20291_0496	440
CDR20291_0497	1655
CDR20291_0498	25655
CDR20291_0499	0
CDR20291_0500	1192
CDR20291_0499_0	0
CDR20291_0501	3079
CDR20291_0502	2044
CDR20291_0503	2360
CDR20291_0504	3471
CDR20291_0505	2275
CDR20291_0506	835
CDR20291_0507	2779
CDR20291_0508	596
CDR20291_0509	4406
CDR20291_0510	133
CDR20291_0511	923
CDR20291_0512	313
CDR20291_0513	0
CDR20291_0514	3185
CDR20291_0513_0	0
CDR20291_0515	7491
CDR20291_0516	697
CDR20291_0517	50
CDR20291_0518	113
CDR20291_0519	5899
CDR20291_0520	2132
CDR20291_0521	12
CDR20291_0522	19
CDR20291_0523	96
CDR20291_0524	808
CDR20291_0525	316
CDR20291_0526	256
CDR20291_0527	1047
CDR20291_0528	934
CDR20291_0529	0
CDR20291_0530	7015
CDR20291_0529_0	0
CDR20291_0531	1276
CDR20291_0532	1338
CDR20291_0533	323
CDR20291_0534	351
CDR20291_0535	289
CDR20291_0536	37
CDR20291_0537	103
CDR20291_0538	6092
CDR20291_0539	1243
CDR20291_0540	191
CDR20291_0541	32
CDR20291_0542	23
CDR20291_0543	10
CDR20291_0544	2
CDR20291_0545	12
CDR20291_0546	280
CDR20291_0547	136
CDR20291_0548	10
CDR20291_0549	4311
CDR20291_0550	20536
CDR20291_0551	27914
CDR20291_0552	1208
CDR20291_0553	202
CDR20291_0554	253
CDR20291_0555	833
CDR20291_0556	334
CDR20291_0557	952
CDR20291_0558	615
CDR20291_0559	292
CDR20291_0560	114
CDR20291_0561	1393
CDR20291_0562	218
CDR20291_0563	336
CDR20291_0564	97
CDR20291_0565	520
CDR20291_0566	691
CDR20291_0567	898
CDR20291_0568	565
CDR20291_0569	4063
CDR20291_0570	4476
CDR20291_0571	30
CDR20291_0572	127
CDR20291_0573	389
CDR20291_0574	298
CDR20291_0575	882
CDR20291_0576	529
CDR20291_0577	707
CDR20291_0578	422
CDR20291_0579	602
CDR20291_0580	665
CDR20291_0581	0
CDR20291_0582	2477
CDR20291_0583	144
CDR20291_0584	6631
CDR20291_0585	139
CDR20291_0586	161
CDR20291_0587	529
CDR20291_0588	20
CDR20291_0589	4
CDR20291_0590	12
CDR20291_0591	671
CDR20291_0592	1436
CDR20291_0593	75
CDR20291_0594	99
CDR20291_0595	8710
CDR20291_0596	768
CDR20291_0597	2
CDR20291_0598	264
CDR20291_0599	235
CDR20291_0600	67
CDR20291_0601	58
CDR20291_0602	66
CDR20291_0603	232
CDR20291_0604	254
CDR20291_0605	110
CDR20291_0606	67
CDR20291_0607	553
CDR20291_0608	771
CDR20291_0609	2400
CDR20291_0610	130
CDR20291_0611	5558
CDR20291_0612	3801
CDR20291_0613	13068
CDR20291_0614	420
CDR20291_0615	2234
CDR20291_0616	361
CDR20291_0617	133
CDR20291_0618	1799
CDR20291_0619	286
CDR20291_0620	625
CDR20291_0621	495
CDR20291_0622	5241
CDR20291_0623	3116
CDR20291_0624	1284
CDR20291_0625	12418
CDR20291_0626	36430
CDR20291_0627	12699
CDR20291_0628	370
CDR20291_0629	6486
CDR20291_0630	2573
CDR20291_0631	2269
CDR20291_0632	4997
CDR20291_0633	19944
CDR20291_0634	59279
CDR20291_0635	10488
CDR20291_0636	1414
CDR20291_0637	21774
CDR20291_0638	2266
CDR20291_0639	6377
CDR20291_0640	5451
CDR20291_0641	3
CDR20291_0642	2917
CDR20291_0643	18054
CDR20291_0644	2028
CDR20291_0645	21412
CDR20291_0646	1908
CDR20291_0647	2244
CDR20291_0648	1416
CDR20291_0649	2067
CDR20291_0650	3351
CDR20291_0651	1769
CDR20291_0652	3378
CDR20291_0653	5252
CDR20291_0654	3437
CDR20291_0655	11347
CDR20291_0656	3722
CDR20291_0657	1989
CDR20291_0658	819
CDR20291_0659	897
CDR20291_0660	899
CDR20291_0661	1461
CDR20291_0662	11157
CDR20291_0663	7713
CDR20291_0664	2292
CDR20291_0665	206
CDR20291_0666	1379
CDR20291_0667	1136
CDR20291_0668	117
CDR20291_0669	95
CDR20291_0670	138
CDR20291_0671	1330
CDR20291_0672	1573
CDR20291_0673	2032
CDR20291_0674	183
CDR20291_0675	3237
CDR20291_0676	7636
CDR20291_0677	3130
CDR20291_0678	1339
CDR20291_0679	1588
CDR20291_0680	2091
CDR20291_0681	3546
CDR20291_0682	8983
CDR20291_0683	5416
CDR20291_0684	4615
CDR20291_0685	11809
CDR20291_0686	2579
CDR20291_0687	68940
CDR20291_0688	115
CDR20291_0689	15049
CDR20291_0690	417
CDR20291_0691	44
CDR20291_0692	101
CDR20291_0693	72
CDR20291_0694	272
CDR20291_0695	236
CDR20291_0696	115
CDR20291_0697	757
CDR20291_0698	2119
CDR20291_0699	275
CDR20291_0700	647
CDR20291_0701	1199
CDR20291_0702	16
CDR20291_0703	90
CDR20291_0704	86
CDR20291_0705	7506
CDR20291_0706	276
CDR20291_0707	116
CDR20291_0708	404
CDR20291_0709	365
CDR20291_0710	1425
CDR20291_0711	5977
CDR20291_0712	36793
CDR20291_0713	223
CDR20291_0714	309
CDR20291_0715	890
CDR20291_0716	11206
CDR20291_0717	1861
CDR20291_0718	590
CDR20291_0719	6044
CDR20291_0720	5239
CDR20291_0721	4203
CDR20291_0722	1082
CDR20291_0723	16
CDR20291_0724	2
CDR20291_0725	8190
CDR20291_0726	14176
CDR20291_0727	2852
CDR20291_0728	28
CDR20291_0729	57
CDR20291_0730	104
CDR20291_0731	12
CDR20291_0732	35
CDR20291_0733	97
CDR20291_0734	80
CDR20291_0735	64
CDR20291_0736	172
CDR20291_0737	815
CDR20291_0738	2632
CDR20291_0739	72
CDR20291_0740	1915
CDR20291_0741	2629
CDR20291_0742	10823
CDR20291_0743	7626
CDR20291_0744	2766
CDR20291_0745	2750
CDR20291_0746	935
CDR20291_0747	1396
CDR20291_0748	2142
CDR20291_0749	2206
CDR20291_0750	4016
CDR20291_0751	5760
CDR20291_0752	1201
CDR20291_0753	1067
CDR20291_0754	1772
CDR20291_0755	6382
CDR20291_0756	3357
CDR20291_0757	3045
CDR20291_0758	3875
CDR20291_0759	655
CDR20291_0760	19668
CDR20291_0761	1146
CDR20291_0762	551
CDR20291_0763	2120
CDR20291_0764	1033
CDR20291_0765	2907
CDR20291_0766	3083
CDR20291_0767	5042
CDR20291_0768	2349
CDR20291_0769	3378
CDR20291_0770	3540
CDR20291_0771	9208
CDR20291_0772	1099
CDR20291_0773	2555
CDR20291_0774	13581
CDR20291_0775	30
CDR20291_0776	2359
CDR20291_0777	139
CDR20291_0778	458
CDR20291_0779	3818
CDR20291_0780	474
CDR20291_0781	1099
CDR20291_0782	1306
CDR20291_0783	24028
CDR20291_0784	18456
CDR20291_0785	46016
CDR20291_0786	19924
CDR20291_0787	17169
CDR20291_0788	0
CDR20291_0789	5
CDR20291_0790	7
CDR20291_0791	71
CDR20291_0792	73
CDR20291_0793	558
CDR20291_0794	1904
CDR20291_0795	2149
CDR20291_0796	100
CDR20291_0797	3113
CDR20291_0798	3321
CDR20291_0799	1601
CDR20291_0800	3050
CDR20291_0801	1771
CDR20291_0802	133947
CDR20291_0803	57548
CDR20291_0804	57214
CDR20291_0805	8086
CDR20291_0806	3150
CDR20291_0807	2096
CDR20291_0808	4129
CDR20291_0809	3813
CDR20291_0810	2126
CDR20291_0811	8703
CDR20291_0812	2297
CDR20291_0813	1763
CDR20291_0814	4047
CDR20291_0815	7500
CDR20291_0816	4361
CDR20291_0817	5763
CDR20291_0818	494
CDR20291_0819	115
CDR20291_0820	486
CDR20291_0821	765
CDR20291_0822	4576
CDR20291_0823	19585
CDR20291_0824	11945
CDR20291_0825	0
CDR20291_0826	7937
CDR20291_0825_0	0
CDR20291_0827	649
CDR20291_0828	9867
CDR20291_0829	1862
CDR20291_0830	9632
CDR20291_0831	11841
CDR20291_0832	91
CDR20291_0833	1639
CDR20291_0834	1608
CDR20291_0835	941
CDR20291_0836	955
CDR20291_0837	1848
CDR20291_0838	2872
CDR20291_0839	15372
CDR20291_0840	1288
CDR20291_0841	256
CDR20291_0842	114
CDR20291_0843	83
CDR20291_0844	23
CDR20291_0845	145
CDR20291_0846	1884
CDR20291_0847	10755
CDR20291_0848	6783
CDR20291_0849	10071
CDR20291_0850	3428
CDR20291_0851	4582
CDR20291_0852	2995
CDR20291_0853	216
CDR20291_0854	222
CDR20291_0855	431
CDR20291_0856	1755
CDR20291_0857	1251
CDR20291_0858	3143
CDR20291_0859	159
CDR20291_0860	314
CDR20291_0861	642
CDR20291_0862	587
CDR20291_0863	3213
CDR20291_0864	1856
CDR20291_0865	3274
CDR20291_0866	4981
CDR20291_0867	4377
CDR20291_0868	129
CDR20291_0869	279
CDR20291_0870	593
CDR20291_0871	3294
CDR20291_0872	472
CDR20291_0873	406
CDR20291_0874	612
CDR20291_0875	8
CDR20291_0876	18
CDR20291_0877	165
CDR20291_0878	606
CDR20291_0879	648
CDR20291_0880	2381
CDR20291_0881	1580
CDR20291_0882	1317
CDR20291_0883	3845
CDR20291_0884	28
CDR20291_0885	1023
CDR20291_0886	854
CDR20291_0887	1102
CDR20291_0888	497
CDR20291_0889	428
CDR20291_0890	185
CDR20291_0891	22041
CDR20291_0892	8405
CDR20291_0893	2015
CDR20291_0894	2863
CDR20291_0895	988
CDR20291_0896	7705
CDR20291_0897	8953
CDR20291_0898	2433
CDR20291_0899	6637
CDR20291_0900	8434
CDR20291_0901	258
CDR20291_0902	6739
CDR20291_0903	5265
CDR20291_0904	4210
CDR20291_0905	5907
CDR20291_0906	1643
CDR20291_0907	516
CDR20291_0908	835
CDR20291_0909	1594
CDR20291_0910	77518
CDR20291_0911	48806
CDR20291_0912	61944
CDR20291_0913	49119
CDR20291_0914	45912
CDR20291_0915	86030
CDR20291_0916	1976
CDR20291_0917	2566
CDR20291_0918	3013
CDR20291_0919	36
CDR20291_0920	6
CDR20291_0921	3
CDR20291_0922	7
CDR20291_0923	6127
CDR20291_0924	15
CDR20291_0925	31
CDR20291_0926	884
CDR20291_0927	602
CDR20291_0928	2024
CDR20291_0929	3662
CDR20291_0930	599
CDR20291_0931	13179
CDR20291_0932	842
CDR20291_0933	265
CDR20291_0934	677
CDR20291_0935	377
CDR20291_0936	871
CDR20291_0937	1032
CDR20291_0938	8330
CDR20291_0939	1981
CDR20291_0940	2717
CDR20291_0941	1124
CDR20291_0942	1111
CDR20291_0943	6844
CDR20291_0944	5811
CDR20291_0945	9599
CDR20291_0946	63
CDR20291_0947	251
CDR20291_0948	317
CDR20291_0949	882
CDR20291_0950	28
CDR20291_0951	1993
CDR20291_0952	636
CDR20291_0953	1365
CDR20291_0954	998
CDR20291_0955	2769
CDR20291_0956	321
CDR20291_0957	16143
CDR20291_0958	991
CDR20291_0959	2804
CDR20291_0960	846
CDR20291_0961	152
CDR20291_0962	197
CDR20291_0963	236
CDR20291_0964	12749
CDR20291_0965	2364
CDR20291_0966	2170
CDR20291_0967	9520
CDR20291_0968	1060
CDR20291_0969	1500
CDR20291_0970	1089
CDR20291_0971	18175
CDR20291_0972	1301
CDR20291_0973	26626
CDR20291_0974	13566
CDR20291_0975	8771
CDR20291_0976	6718
CDR20291_0977	5976
CDR20291_0978	18318
CDR20291_0979	32
CDR20291_0980	15793
CDR20291_0981	14583
CDR20291_0982	31081
CDR20291_0983	12183
CDR20291_0984	5356
CDR20291_0985	52600
CDR20291_0986	12880
CDR20291_0987	17165
CDR20291_0988	4361
CDR20291_0989	11093
CDR20291_0990	3227
CDR20291_0991	94
CDR20291_0992	373
CDR20291_0993	9172
CDR20291_0994	26449
CDR20291_0995	7690
CDR20291_0996	2595
CDR20291_0997	5683
CDR20291_0998	10012
CDR20291_0999	13977
CDR20291_1000	14353
CDR20291_1001	7602
CDR20291_1002	1684
CDR20291_1003	1583
CDR20291_1004	414
CDR20291_1005	80
CDR20291_1006	1453
CDR20291_1007	26908
CDR20291_1008	14600
CDR20291_1009	30434
CDR20291_1010	34276
CDR20291_1011	4519
CDR20291_1012	33394
CDR20291_1013	19425
CDR20291_1014	4759
CDR20291_1015	7071
CDR20291_1016	13430
CDR20291_1017	13822
CDR20291_1018	14649
CDR20291_1019	14752
CDR20291_1020	10722
CDR20291_1021	2235
CDR20291_1022	29131
CDR20291_1023	3960
CDR20291_1024	6630
CDR20291_1025	8
CDR20291_1026	34
CDR20291_1027	275
CDR20291_1028	444
CDR20291_1029	7198
CDR20291_1030	25
CDR20291_1031	12
CDR20291_1032	0
CDR20291_1033	5
CDR20291_1034	36
CDR20291_1035	10
CDR20291_1036	16
CDR20291_1037	29
CDR20291_1038	5049
CDR20291_1039	1991
CDR20291_1040	1603
CDR20291_1041	3686
CDR20291_1042	325
CDR20291_1043	4216
CDR20291_1044	1793
CDR20291_1045	11149
CDR20291_1046	4043
CDR20291_1047	9416
CDR20291_1048	1791
CDR20291_1049	1596
CDR20291_1050	1265
CDR20291_1051	105
CDR20291_1052	20024
CDR20291_1053	8356
CDR20291_1054	4605
CDR20291_1055	3711
CDR20291_1056	4684
CDR20291_1057	7808
CDR20291_1058	4100
CDR20291_1059	1210
CDR20291_1060	3510
CDR20291_1061	7839
CDR20291_1062	5326
CDR20291_1063	1934
CDR20291_1064	3726
CDR20291_1065	2228
CDR20291_1066	10057
CDR20291_1067	2020
CDR20291_1068	1838
CDR20291_1069	1356
CDR20291_1070	2178
CDR20291_1071	125
CDR20291_1072	203
CDR20291_1073	6
CDR20291_1074	397
CDR20291_1075	59
CDR20291_1076	178
CDR20291_1077	110
CDR20291_1078	959
CDR20291_1079	718
CDR20291_1080	55
CDR20291_1081	24
CDR20291_1082	81
CDR20291_1083	57
CDR20291_1084	75
CDR20291_1085	19288
CDR20291_1086	6420
CDR20291_1087	1700
CDR20291_1088	3130
CDR20291_1089	12481
CDR20291_1090	6781
CDR20291_1091	2516
CDR20291_1092	23552
CDR20291_1093	5204
CDR20291_1094	4732
CDR20291_1095	2542
CDR20291_1096	3207
CDR20291_1097	11556
CDR20291_1098	3988
CDR20291_1099	199
CDR20291_1100	31666
CDR20291_1101	5486
CDR20291_1102	1063
CDR20291_1103	4240
CDR20291_1104	1535
CDR20291_1105	1894
CDR20291_1106	1720
CDR20291_1107	1417
CDR20291_1108	1036
CDR20291_1109	857
CDR20291_1110	1286
CDR20291_1111	28
CDR20291_1112	223
CDR20291_1113	1670
CDR20291_1114	15444
CDR20291_1115	19890
CDR20291_1116	1942
CDR20291_1117	1137
CDR20291_1118	2231
CDR20291_1119	17386
CDR20291_1120	5574
CDR20291_1121	6186
CDR20291_1122	23971
CDR20291_1123	2175
CDR20291_1124	28822
CDR20291_1125	1014
CDR20291_1126	3335
CDR20291_1127	6682
CDR20291_1128	1173
CDR20291_1129	23829
CDR20291_1130	8
CDR20291_1131	138
CDR20291_1132	268
CDR20291_1133	756
CDR20291_1134	1811
CDR20291_1135	2423
CDR20291_1136	3116
CDR20291_1137	37
CDR20291_1138	71
CDR20291_1139	422
CDR20291_1140	3790
CDR20291_1141	98
CDR20291_1142	3
CDR20291_1143	1079
CDR20291_1144	2287
CDR20291_1145	12842
CDR20291_1146	6549
CDR20291_1147	1875
CDR20291_1148	12801
CDR20291_1149	1567
CDR20291_1150	1422
CDR20291_1151	31038
CDR20291_1152	4033
CDR20291_1153	12900
CDR20291_1154	11427
CDR20291_1155	11790
CDR20291_1156	14
CDR20291_1157	8330
CDR20291_1158	2631
CDR20291_1159	44640
CDR20291_1160	137
CDR20291_1161	7102
CDR20291_1162	932
CDR20291_1163	10165
CDR20291_1164	4846
CDR20291_1165	13566
CDR20291_1166	6951
CDR20291_1167	10712
CDR20291_1168	3476
CDR20291_1169	6015
CDR20291_1170	41876
CDR20291_1171	6698
CDR20291_1172	6477
CDR20291_1173	7484
CDR20291_1174	3859
CDR20291_1175	7882
CDR20291_1176	1908
CDR20291_1177	732
CDR20291_1178	879
CDR20291_1179	3059
CDR20291_1180	28956
CDR20291_1181	2833
CDR20291_1182	3737
CDR20291_1183	1031
CDR20291_1184	203
CDR20291_1185	8527
CDR20291_1186	2151
CDR20291_1187	299
CDR20291_1188	1797
CDR20291_1189	2114
CDR20291_1190	3116
CDR20291_1191	99
CDR20291_1192	95
CDR20291_1193	188
CDR20291_1194	1972
CDR20291_1195	3067
CDR20291_1196	74
CDR20291_1197	7939
CDR20291_1198	2638
CDR20291_1199	21405
CDR20291_1200	493
CDR20291_1201	413
CDR20291_1202	1089
CDR20291_1203	2
CDR20291_1204	42
CDR20291_1205	556
CDR20291_1206	2467
CDR20291_1207	936
CDR20291_1208	964
CDR20291_1209	55
CDR20291_1210	4092
CDR20291_1211	415
CDR20291_1212	2273
CDR20291_1213	219
CDR20291_1214	338
CDR20291_1215	1260
CDR20291_1216	736
CDR20291_1217	1114
CDR20291_1218	8305
CDR20291_1219	20
CDR20291_1220	70
CDR20291_1221	6810
CDR20291_1222	4319
CDR20291_1223	13
CDR20291_1224	46
CDR20291_1225	470
CDR20291_1226	1393
CDR20291_1227	251
CDR20291_1228	2028
CDR20291_1229	2750
CDR20291_1230	195
CDR20291_1231	476
CDR20291_1232	292
CDR20291_1233	751
CDR20291_1234	1936
CDR20291_1235	25
CDR20291_1236	56
CDR20291_1237	437
CDR20291_1238	2722
CDR20291_1239	2589
CDR20291_1240	4340
CDR20291_1241	824
CDR20291_1242	4261
CDR20291_1243	177
CDR20291_1244	134
CDR20291_1245	784
CDR20291_1246	2907
CDR20291_1247	1780
CDR20291_1248	202
CDR20291_1249	3871
CDR20291_1250	65775
CDR20291_1251	6630
CDR20291_1252	6901
CDR20291_1253	2289
CDR20291_1254	1598
CDR20291_1255	1790
CDR20291_1256	7039
CDR20291_1257	3623
CDR20291_1258	2027
CDR20291_1259	1019
CDR20291_1260	856
CDR20291_1261	5405
CDR20291_1262	1213
CDR20291_1263	14
CDR20291_1264	3722
CDR20291_1265	993
CDR20291_1266	3051
CDR20291_1267	1415
CDR20291_1268	4695
CDR20291_1269	474
CDR20291_1270	55
CDR20291_1271	180
CDR20291_1272	1293
CDR20291_1273	816
CDR20291_1274	236
CDR20291_1275	5
CDR20291_1276	366
CDR20291_1277	551
CDR20291_1278	3389
CDR20291_1279	18
CDR20291_1280	2452
CDR20291_1281	786
CDR20291_1282	270
CDR20291_1283	2030
CDR20291_1284	2227
CDR20291_1285	7080
CDR20291_1286	2903
CDR20291_1287	8355
CDR20291_1288	2237
CDR20291_1289	5901
CDR20291_1290	10533
CDR20291_1291	1701
CDR20291_1292	2008
CDR20291_1293	1759
CDR20291_1294	1611
CDR20291_1295	4737
CDR20291_1296	1768
CDR20291_1297	2481
CDR20291_1298	4246
CDR20291_1299	7903
CDR20291_1300	2124
CDR20291_1301	3912
CDR20291_1302	7304
CDR20291_1303	11428
CDR20291_1304	11872
CDR20291_1305	746
CDR20291_1306	2815
CDR20291_1307	1915
CDR20291_1308	3646
CDR20291_1309	979
CDR20291_1310	2028
CDR20291_1311	645
CDR20291_1312	71
CDR20291_1313	260
CDR20291_1314	448
CDR20291_1315	209
CDR20291_1316	1196
CDR20291_1317	10496
CDR20291_1318	50647
CDR20291_1319	44
CDR20291_1320	7559
CDR20291_1321	1661
CDR20291_1322	1737
CDR20291_1323	19187
CDR20291_1324	2243
CDR20291_1325	5972
CDR20291_1326	102
CDR20291_1327	84
CDR20291_1328	2116
CDR20291_1329	64
CDR20291_1330	2323
CDR20291_1331	1609
CDR20291_1332	1500
CDR20291_1333	6386
CDR20291_1334	23
CDR20291_1335	39
CDR20291_1336	128
CDR20291_1337	584
CDR20291_1338	1672
CDR20291_1339	1583
CDR20291_1340	1067
CDR20291_1341	2309
CDR20291_1342	3535
CDR20291_1343	814
CDR20291_1344	4499
CDR20291_1345	7352
CDR20291_1346	17774
CDR20291_1347	3840
CDR20291_1348	4440
CDR20291_1349	5283
CDR20291_1350	2372
CDR20291_1351	86
CDR20291_1352	392
CDR20291_1353	287
CDR20291_1354	1380
CDR20291_1355	561
CDR20291_1356	34
CDR20291_1357	988
CDR20291_1358	611
CDR20291_1359	2322
CDR20291_1360	280
CDR20291_1361	1483
CDR20291_1362	1857
CDR20291_1363	1166
CDR20291_1364	2519
CDR20291_1365	745
CDR20291_1366	2228
CDR20291_1367	49
CDR20291_1368	348
CDR20291_1369	569
CDR20291_1370	20888
CDR20291_1371	20511
CDR20291_1372	3986
CDR20291_1373	34503
CDR20291_1374	1308
CDR20291_1375	6337
CDR20291_1376	17509
CDR20291_1377	7176
CDR20291_1378	15656
CDR20291_1379	1013
CDR20291_1380	401
CDR20291_1381	154
CDR20291_1382	389
CDR20291_1383	2918
CDR20291_1384	6069
CDR20291_1385	19674
CDR20291_1386	36820
CDR20291_1387	5844
CDR20291_1388	115
CDR20291_1389	185
CDR20291_1390	14207
CDR20291_1391	19475
CDR20291_1392	162
CDR20291_1393	225
CDR20291_1394	3614
CDR20291_1395	3815
CDR20291_1396	2431
CDR20291_1397	1682
CDR20291_1398	3560
CDR20291_1399	1797
CDR20291_1400	1725
CDR20291_1401	1816
CDR20291_1402	2026
CDR20291_1403	1911
CDR20291_1404	8339
CDR20291_1405	1848
CDR20291_1406	3094
CDR20291_1407	912
CDR20291_1408	2148
CDR20291_1409	1670
CDR20291_1410	3143
CDR20291_1411	2436
CDR20291_1412	6
CDR20291_1413	164
CDR20291_1414	414
CDR20291_1415	1787
CDR20291_1416	3315
CDR20291_1417	3711
CDR20291_1418	491
CDR20291_1419	3
CDR20291_1420	47
CDR20291_1421	115
CDR20291_1422	30
CDR20291_1423	122
CDR20291_1424	172
CDR20291_1425	338
CDR20291_1426	153
CDR20291_1427	65
CDR20291_1428	105
CDR20291_1429	1321
CDR20291_1430	446
CDR20291_1431	172
CDR20291_1432	376
CDR20291_1433	373
CDR20291_1434	701
CDR20291_1435	148
CDR20291_1436	357
CDR20291_1437	87
CDR20291_1438	65
CDR20291_1439	1630
CDR20291_1440	107
CDR20291_1441	533
CDR20291_1442	154
CDR20291_1443	921
CDR20291_1444	50
CDR20291_1445	67
CDR20291_1446	733
CDR20291_1447	1667
CDR20291_1448	1270
CDR20291_1449	552
CDR20291_1450	98
CDR20291_1451	366
CDR20291_1452	19
CDR20291_1453	36
CDR20291_1454	204
CDR20291_1455	101
CDR20291_1456	202
CDR20291_1457	243
CDR20291_1458	32
CDR20291_1459	7
CDR20291_1460	69
CDR20291_1461	15
CDR20291_1462	1476
CDR20291_1463	78
CDR20291_1464	2648
CDR20291_1465	23
CDR20291_1466	1125
CDR20291_1467	775
CDR20291_1468	0
CDR20291_1469	756
CDR20291_1468_0	0
CDR20291_1470	707
CDR20291_1471	1014
CDR20291_1472	7
CDR20291_1473	1777
CDR20291_1474	8297
CDR20291_1475	406
CDR20291_1476	1418
CDR20291_1477	66
CDR20291_1478	33
CDR20291_1479	2752
CDR20291_1480	2239
CDR20291_1481	2091
CDR20291_1482	728
CDR20291_1483	443
CDR20291_1484	448
CDR20291_1485	465
CDR20291_1486	259
CDR20291_1487	280
CDR20291_1488	6324
CDR20291_1489	231
CDR20291_1490	414
CDR20291_1491	140
CDR20291_1492	754
CDR20291_1493	649
CDR20291_1494	3774
CDR20291_1495	519
CDR20291_1496	47
CDR20291_1497	259
CDR20291_1498	321
CDR20291_1499	268
CDR20291_1500	546
CDR20291_1501	185
CDR20291_1502	121
CDR20291_1503	31
CDR20291_1504	40
CDR20291_1505	214
CDR20291_1506	52
CDR20291_1507	350
CDR20291_1508	111
CDR20291_1509	346
CDR20291_1510	2301
CDR20291_1511	407
CDR20291_1512	1302
CDR20291_1513	3374
CDR20291_1514	6128
CDR20291_1515	250
CDR20291_1516	909
CDR20291_1517	792
CDR20291_1518	1699
CDR20291_1519	2129
CDR20291_1520	297
CDR20291_1521	23798
CDR20291_1522	2893
CDR20291_1523	4392
CDR20291_1524	108
CDR20291_1525	100
CDR20291_1526	707
CDR20291_1527	916
CDR20291_1528	589
CDR20291_1529	123
CDR20291_1530	1070
CDR20291_1531	2990
CDR20291_1532	6978
CDR20291_1533	6868
CDR20291_1534	5298
CDR20291_1535	39584
CDR20291_1536	13016
CDR20291_1537	13942
CDR20291_1538	3247
CDR20291_1539	2875
CDR20291_1540	3546
CDR20291_1541	1996
CDR20291_1542	2259
CDR20291_1543	2986
CDR20291_1544	1990
CDR20291_1545	55
CDR20291_1546	49
CDR20291_1547	35
CDR20291_1548	79
CDR20291_1549	908
CDR20291_1550	2154
CDR20291_1551	1333
CDR20291_1552	1121
CDR20291_1553	6721
CDR20291_1554	0
CDR20291_1555	1681
CDR20291_1556	1053
CDR20291_1557	1858
CDR20291_1558	270
CDR20291_1559	435
CDR20291_1560	4065
CDR20291_1561	1138
CDR20291_1562	3971
CDR20291_1563	640
CDR20291_1564	1403
CDR20291_1565	74
CDR20291_1566	143
CDR20291_1567	67
CDR20291_1568	158
CDR20291_1569	323
CDR20291_1570	234
CDR20291_1571	602
CDR20291_1572	444
CDR20291_1573	1079
CDR20291_1574	166
CDR20291_1575	50
CDR20291_1576	8
CDR20291_1577	523
CDR20291_1578	516
CDR20291_1579	885
CDR20291_1580	35424
CDR20291_1581	17657
CDR20291_1582	20827
CDR20291_1583	882
CDR20291_1584	1879
CDR20291_1585	3285
CDR20291_1586	2602
CDR20291_1587	4151
CDR20291_1588	2142
CDR20291_1589	10846
CDR20291_1590	9319
CDR20291_1591	15552
CDR20291_1592	2268
CDR20291_1593	2960
CDR20291_1594	2090
CDR20291_1595	383
CDR20291_1596	1131
CDR20291_1597	679
CDR20291_1598	1865
CDR20291_1599	1751
CDR20291_1600	955
CDR20291_1601	77
CDR20291_1602	187
CDR20291_1603	44
CDR20291_1604	146
CDR20291_1605	70
CDR20291_1606	75
CDR20291_1607	3742
CDR20291_1608	1343
CDR20291_1609	1143
CDR20291_1610	3193
CDR20291_1611	1118
CDR20291_1612	2601
CDR20291_1613	1185
CDR20291_1614	1002
CDR20291_1615	1805
CDR20291_1616	2737
CDR20291_1617	5505
CDR20291_1618	744
CDR20291_1619	906
CDR20291_1620	2031
CDR20291_1621	327
CDR20291_1622	428
CDR20291_1623	13
CDR20291_1624	316
CDR20291_1625	383
CDR20291_1626	481
CDR20291_1627	15258
CDR20291_1628	1709
CDR20291_1629	1594
CDR20291_1630	2597
CDR20291_1631	1384
CDR20291_1632	612
CDR20291_1633	434
CDR20291_1634	868
CDR20291_1635	1420
CDR20291_1636	926
CDR20291_1637	328
CDR20291_1638	276
CDR20291_1639	684
CDR20291_1640	59
CDR20291_1641	915
CDR20291_1642	760
CDR20291_1643	38528
CDR20291_1644	31323
CDR20291_1645	11743
CDR20291_1646	4444
CDR20291_1647	4361
CDR20291_1648	1924
CDR20291_1649	2694
CDR20291_1650	727
CDR20291_1651	2050
CDR20291_1652	864
CDR20291_1653	4787
CDR20291_1654	696
CDR20291_1655	370
CDR20291_1656	410
CDR20291_1657	1125
CDR20291_1658	278
CDR20291_1659	2756
CDR20291_1660	2419
CDR20291_1661	75
CDR20291_1662	622
CDR20291_1663	16245
CDR20291_1664	29559
CDR20291_1665	447
CDR20291_1666	1762
CDR20291_1667	769
CDR20291_1668	2001
CDR20291_1669	369
CDR20291_1670	328
CDR20291_1671	453
CDR20291_1672	1160
CDR20291_1673	895
CDR20291_1674	1575
CDR20291_1675	4382
CDR20291_1676	4825
CDR20291_1677	3531
CDR20291_1678	5817
CDR20291_1679	2508
CDR20291_1680	7699
CDR20291_1681	60
CDR20291_1682	251
CDR20291_1683	15
CDR20291_1684	41
CDR20291_1685	1537
CDR20291_1686	326
CDR20291_1687	3659
CDR20291_1688	20405
CDR20291_1689	123
CDR20291_1690	176
CDR20291_1691	31420
CDR20291_1692	68247
CDR20291_1693	4887
CDR20291_1694	3422
CDR20291_1695	2569
CDR20291_1696	2831
CDR20291_1697	559
CDR20291_1698	2203
CDR20291_1699	2423
CDR20291_1700	366
CDR20291_1701	635
CDR20291_1702	184
CDR20291_1703	764
CDR20291_1704	1512
CDR20291_1705	1377
CDR20291_1706	471
CDR20291_1707	531
CDR20291_1708	369
CDR20291_1709	1355
CDR20291_1710	3431
CDR20291_1711	1683
CDR20291_1712	1720
CDR20291_1713	3737
CDR20291_1714	1987
CDR20291_1715	1801
CDR20291_1716	574
CDR20291_1717	1001
CDR20291_1718	8796
CDR20291_1719	4050
CDR20291_1720	2521
CDR20291_1721	1704
CDR20291_1722	17247
CDR20291_1723	9276
CDR20291_1724	3917
CDR20291_1725	1462
CDR20291_1726	363
CDR20291_1727	9724
CDR20291_1728	7763
CDR20291_1729	12470
CDR20291_1730	11195
CDR20291_1731	11255
CDR20291_1732	6168
CDR20291_1733	3872
CDR20291_1734	6921
CDR20291_1735	1974
CDR20291_1736	8225
CDR20291_1737	1898
CDR20291_1738	9
CDR20291_1739	0
CDR20291_1740	0
CDR20291_1741	0
CDR20291_1742	0
CDR20291_1743	0
CDR20291_1744	0
CDR20291_1745	0
CDR20291_1746	0
CDR20291_1747	0
CDR20291_1748	0
CDR20291_1749	0
CDR20291_1750	0
CDR20291_1751	0
CDR20291_1752	0
CDR20291_1753	0
CDR20291_1754	0
CDR20291_1755	0
CDR20291_1756	0
CDR20291_1757	0
CDR20291_1758	0
CDR20291_1759	0
CDR20291_1760	0
CDR20291_1761	0
CDR20291_1762	0
CDR20291_1763	0
CDR20291_1764	0
CDR20291_1743_0	0
CDR20291_1765	0
CDR20291_1766	0
CDR20291_1767	0
CDR20291_1768	0
CDR20291_1769	0
CDR20291_1770	0
CDR20291_1771	0
CDR20291_1772	0
CDR20291_1773	0
CDR20291_1774	0
CDR20291_1775	0
CDR20291_1776	0
CDR20291_1777	0
CDR20291_1778	0
CDR20291_1779	0
CDR20291_1780	0
CDR20291_1781	0
CDR20291_1782	0
CDR20291_1783	0
CDR20291_1784	0
CDR20291_1785	0
CDR20291_1786	0
CDR20291_1787	0
CDR20291_1788	0
CDR20291_1789	0
CDR20291_1790	0
CDR20291_1791	0
CDR20291_1792	0
CDR20291_1793	0
CDR20291_1794	0
CDR20291_1795	0
CDR20291_1796	0
CDR20291_1797	0
CDR20291_1798	0
CDR20291_1799	0
CDR20291_1800	0
CDR20291_1801	0
CDR20291_1802	0
CDR20291_1803	0
CDR20291_1804	0
CDR20291_1805	0
CDR20291_1806	0
CDR20291_1807	0
CDR20291_1808	0
CDR20291_1809	0
CDR20291_1739_0	0
CDR20291_1810	57
CDR20291_1811	16
CDR20291_1812	913
CDR20291_1813	397
CDR20291_1814	132
CDR20291_1815	797
CDR20291_1816	423
CDR20291_1817	738
CDR20291_1818	1648
CDR20291_1819	114
CDR20291_1820	39
CDR20291_1821	30
CDR20291_1822	4
CDR20291_1823	134
CDR20291_1824	58
CDR20291_1825_0	0
CDR20291_1826	24
CDR20291_1827	0
CDR20291_1828	80
CDR20291_1829	82
CDR20291_1830	163
CDR20291_1831	887
CDR20291_1832	2139
CDR20291_1833	19
CDR20291_1834	59
CDR20291_1835	28
CDR20291_1836	18
CDR20291_1837	17
CDR20291_1838	53
CDR20291_1839	15
CDR20291_1840	8
CDR20291_1841	13
CDR20291_1842	14
CDR20291_1843	1
CDR20291_1844	12
CDR20291_1845	55
CDR20291_1846	15
CDR20291_1847	1666
CDR20291_1848	12
CDR20291_1849	38
CDR20291_1850	49
CDR20291_1825	0
CDR20291_1851	7
CDR20291_1852	14
CDR20291_1853	1582
CDR20291_1854	10718
CDR20291_1855	1361
CDR20291_1856	1611
CDR20291_1857	1033
CDR20291_1858	1652
CDR20291_1859	9704
CDR20291_1860	7470
CDR20291_1861	14663
CDR20291_1862	4056
CDR20291_1863	4
CDR20291_1864	663
CDR20291_1865	1566
CDR20291_1866	5315
CDR20291_1867	1313
CDR20291_1868	375
CDR20291_1869	366
CDR20291_1870	81
CDR20291_1871	301
CDR20291_1872	244
CDR20291_1873	2767
CDR20291_1874	167
CDR20291_1875	192
CDR20291_1876	17136
CDR20291_1877	1477
CDR20291_1878	452
CDR20291_1879	464
CDR20291_1880	324
CDR20291_1881	3055
CDR20291_1882	468
CDR20291_1883	636
CDR20291_1884	344
CDR20291_1885	1838
CDR20291_1886	3952
CDR20291_1887	2497
CDR20291_1888	577
CDR20291_1889	343
CDR20291_1890	662
CDR20291_1891	2877
CDR20291_1892	1367
CDR20291_1893	2577
CDR20291_1894	646
CDR20291_1895	10007
CDR20291_1896	8728
CDR20291_1897	2965
CDR20291_1898	4789
CDR20291_1899	8366
CDR20291_1900	11047
CDR20291_1901	3742
CDR20291_1902	5855
CDR20291_1903	3106
CDR20291_1904	674
CDR20291_1905	19
CDR20291_1906	1206
CDR20291_1907	580
CDR20291_1908	887
CDR20291_1909	1103
CDR20291_1910	3758
CDR20291_1911	1008
CDR20291_1912	812
CDR20291_1913	61
CDR20291_1914	261
CDR20291_1915	1228
CDR20291_1916	790
CDR20291_1917	110
CDR20291_1918	1968
CDR20291_1919	867
CDR20291_1920	677
CDR20291_1921	553
CDR20291_1922	1076
CDR20291_1923	107
CDR20291_1924	1253
CDR20291_1925	18
CDR20291_1926	28
CDR20291_1927	536
CDR20291_1928	76
CDR20291_1929	36
CDR20291_1930	952
CDR20291_1931	402
CDR20291_1932	1201
CDR20291_1933	32461
CDR20291_1934	1518
CDR20291_1935	1353
CDR20291_1936	885
CDR20291_1937	2833
CDR20291_1938	753
CDR20291_1939	264
CDR20291_1940	1523
CDR20291_1941	1250
CDR20291_1942	4799
CDR20291_1943	121
CDR20291_1944	66
CDR20291_1945	31
CDR20291_1946	44
CDR20291_1947	22
CDR20291_1948	100
CDR20291_1949	402
CDR20291_1950	240
CDR20291_1951	610
CDR20291_1952	512
CDR20291_1953	482
CDR20291_1954	915
CDR20291_1955	11105
CDR20291_1956	887
CDR20291_1957	1425
CDR20291_1958	315
CDR20291_1959	3398
CDR20291_1960	4945
CDR20291_1961	2726
CDR20291_1962	108
CDR20291_1963	12942
CDR20291_1964	3310
CDR20291_1965	2064
CDR20291_1966	22664
CDR20291_1967	6071
CDR20291_1968	4128
CDR20291_1969	4190
CDR20291_1970	2179
CDR20291_1971	1143
CDR20291_1972	846
CDR20291_1973	3081
CDR20291_1974	766
CDR20291_1975	19855
CDR20291_1976	4293
CDR20291_1977	1006
CDR20291_1978	533
CDR20291_1979	4317
CDR20291_1980	1329
CDR20291_1981	62
CDR20291_1982	147
CDR20291_1983	4567
CDR20291_1984	296
CDR20291_1985	219
CDR20291_1986	379
CDR20291_1987	71
CDR20291_1988	25
CDR20291_1989	133
CDR20291_1990	117
CDR20291_1991	232
CDR20291_1992	179
CDR20291_1993	277
CDR20291_1994	697
CDR20291_1995	108
CDR20291_1996	341
CDR20291_1997	148
CDR20291_1998	171
CDR20291_1999	4384
CDR20291_2000	1074
CDR20291_2001	2151
CDR20291_2002	635
CDR20291_2003	317
CDR20291_2004	138
CDR20291_2005	783
CDR20291_2006	12311
CDR20291_2007	957
CDR20291_2008	1354
CDR20291_2009	4915
CDR20291_2010	3366
CDR20291_2011	4439
CDR20291_2012	2520
CDR20291_2013	3459
CDR20291_2014	8278
CDR20291_2015	1911
CDR20291_2016	3334
CDR20291_2017	2385
CDR20291_2018	1151
CDR20291_2019	28
CDR20291_2020	7613
CDR20291_2021	4852
CDR20291_2022	5941
CDR20291_2023	30346
CDR20291_2024	2263
CDR20291_2025	5184
CDR20291_2026	4341
CDR20291_2027	12826
CDR20291_2028	149
CDR20291_2029	7447
CDR20291_2030	5450
CDR20291_2031	2279
CDR20291_2032	457
CDR20291_2033	0
CDR20291_2034	17108
CDR20291_2035	1925
CDR20291_2036	5772
CDR20291_2037	5649
CDR20291_2038	463
CDR20291_2039	578
CDR20291_2040	1171
CDR20291_2041	5730
CDR20291_2042	9189
CDR20291_2043	1361
CDR20291_2044	8824
CDR20291_2045	11189
CDR20291_2046	33776
CDR20291_2047	34136
CDR20291_2048	328
CDR20291_2049	274
CDR20291_2050	165
CDR20291_2051	158
CDR20291_2052	18888
CDR20291_2053	5712
CDR20291_2054	7263
CDR20291_2055	30083
CDR20291_2056	180
CDR20291_2057	11949
CDR20291_2058	12229
CDR20291_2059	1697
CDR20291_2060	16211
CDR20291_2061	15557
CDR20291_2062	7654
CDR20291_2063	3440
CDR20291_2064	2460
CDR20291_2065	102
CDR20291_2066	62
CDR20291_2067	73
CDR20291_2068	678
CDR20291_2069	1604
CDR20291_2070	4325
CDR20291_2071	2720
CDR20291_2072	3307
CDR20291_2073	625
CDR20291_2074	18871
CDR20291_2075	3241
CDR20291_2076	4263
CDR20291_2077	96194
CDR20291_2078	1474
CDR20291_2079	2032
CDR20291_2080	4408
CDR20291_2081	2657
CDR20291_2082	2930
CDR20291_2083	4609
CDR20291_2084	544
CDR20291_2085	3430
CDR20291_2086	4799
CDR20291_2087	6900
CDR20291_2088	986
CDR20291_2089	351
CDR20291_2090	338
CDR20291_2091	112
CDR20291_2092	7349
CDR20291_2093	1902
CDR20291_2094	5621
CDR20291_2095	1020
CDR20291_2096	2389
CDR20291_2097	299
CDR20291_2098	386
CDR20291_2099	10132
CDR20291_2100	1300
CDR20291_2101	14607
CDR20291_2102	362
CDR20291_2103	33
CDR20291_2104	34
CDR20291_2105	30
CDR20291_2106	0
CDR20291_2107	22
CDR20291_2108	42
CDR20291_2109	2689
CDR20291_2110	2828
CDR20291_2111	885
CDR20291_2112	7186
CDR20291_2113	2754
CDR20291_2114	1111
CDR20291_2115	971
CDR20291_2116	10571
CDR20291_2117	9030
CDR20291_2118	9066
CDR20291_2119	922
CDR20291_2120	1975
CDR20291_2121	131
CDR20291_2122	99
CDR20291_2123	1529
CDR20291_2124	607
CDR20291_2125	1909
CDR20291_2126	6513
CDR20291_2127	4644
CDR20291_2128	253
CDR20291_2129	241
CDR20291_2130	188
CDR20291_2131	96
CDR20291_2132	186
CDR20291_2133	1488
CDR20291_2134	2479
CDR20291_2135	1712
CDR20291_2136	826
CDR20291_2137	446
CDR20291_2138	5825
CDR20291_2139	1980
CDR20291_2140	1263
CDR20291_2141	982
CDR20291_2142	1847
CDR20291_2143	766
CDR20291_2144	15949
CDR20291_2145	23
CDR20291_2146	355
CDR20291_2147	538
CDR20291_2148	1977
CDR20291_2149	1120
CDR20291_2150	2376
CDR20291_2151	4890
CDR20291_2152	4036
CDR20291_2153	1250
CDR20291_2154	1634
CDR20291_2155	4654
CDR20291_2156	274
CDR20291_2157	3751
CDR20291_2158	973
CDR20291_2159	0
CDR20291_2160	27653
CDR20291_2161	7312
CDR20291_2162	25936
CDR20291_2163	1554
CDR20291_2164	290
CDR20291_2165	1664
CDR20291_2166	258
CDR20291_2167	1332
CDR20291_2168	307
CDR20291_2169	2470
CDR20291_2170	908
CDR20291_2171	716
CDR20291_2172	2258
CDR20291_2173	4009
CDR20291_2174	3263
CDR20291_2175	72
CDR20291_2176	29
CDR20291_2177	61
CDR20291_2178	84
CDR20291_2179	4
CDR20291_2180	10
CDR20291_2181	134
CDR20291_2182	139
CDR20291_2183	1199
CDR20291_2184	2337
CDR20291_2185	91
CDR20291_2186	22
CDR20291_2187	1225
CDR20291_2188	643
CDR20291_2189	1
CDR20291_2190	3
CDR20291_2191	366
CDR20291_2192	0
CDR20291_2193	0
CDR20291_2194	470
CDR20291_2195	214
CDR20291_2196	153
CDR20291_2197	112
CDR20291_2199	1937
CDR20291_2200	1424
CDR20291_2201	888
CDR20291_2202	633
CDR20291_2203	826
CDR20291_2204	46
CDR20291_2205	221
CDR20291_2206	345
CDR20291_2207	13517
CDR20291_2208	3217
CDR20291_2209	1517
CDR20291_2210	38007
CDR20291_2211	25331
CDR20291_2212	584
CDR20291_2213	666
CDR20291_2214	1823
CDR20291_2215	245
CDR20291_2216	548
CDR20291_2217	6287
CDR20291_2218	9557
CDR20291_2219	2252
CDR20291_2220	6858
CDR20291_2221	1787
CDR20291_2222	11109
CDR20291_2223	10077
CDR20291_2224	29211
CDR20291_2225	4584
CDR20291_2226	2525
CDR20291_2227	6026
CDR20291_2228	7178
CDR20291_2229	446
CDR20291_2230	8709
CDR20291_2231	8022
CDR20291_2232	7741
CDR20291_2233	5076
CDR20291_2234	3251
CDR20291_2235	456
CDR20291_2236	2954
CDR20291_2237	1325
CDR20291_2238	1444
CDR20291_2239	2621
CDR20291_2240	0
CDR20291_2241	2770
CDR20291_2242	459
CDR20291_2243	2898
CDR20291_2244	633
CDR20291_2245	1096
CDR20291_2246	1933
CDR20291_2247	3327
CDR20291_2248	9951
CDR20291_2249	6852
CDR20291_2250	4490
CDR20291_2251	603
CDR20291_2252	23238
CDR20291_2253	5438
CDR20291_2254	14709
CDR20291_2255	781
CDR20291_2256	5745
CDR20291_2257	517
CDR20291_2258	786
CDR20291_2259	537
CDR20291_2260	821
CDR20291_2261	64
CDR20291_2262	61
CDR20291_2263	3614
CDR20291_2264	2205
CDR20291_2265	2413
CDR20291_2266	3769
CDR20291_2267	368
CDR20291_2268	1593
CDR20291_2269	1242
CDR20291_2270	6913
CDR20291_2271	3818
CDR20291_2272	2870
CDR20291_2273	628
CDR20291_2274	364
CDR20291_2275	1253
CDR20291_2276	4074
CDR20291_2277	2194
CDR20291_2278	5632
CDR20291_2279	10974
CDR20291_2280	5313
CDR20291_2281	26
CDR20291_2282	251
CDR20291_2283	6259
CDR20291_2284	1820
CDR20291_2285	17
CDR20291_2286	3589
CDR20291_2287	1910
CDR20291_2288	1937
CDR20291_2289	1
CDR20291_2290	1
CDR20291_2291	53
CDR20291_2292	4747
CDR20291_2293	2787
CDR20291_2294	6712
CDR20291_2295	1776
CDR20291_2296	4407
CDR20291_2297	13547
CDR20291_2298	5485
CDR20291_2299	598
CDR20291_2300	37
CDR20291_2301	19036
CDR20291_2302	9359
CDR20291_2303	7286
CDR20291_2304	63
CDR20291_2305	3
CDR20291_2306	5
CDR20291_2307	35
CDR20291_2308	47
CDR20291_2309	19
CDR20291_2310	218
CDR20291_2311	114
CDR20291_2312	237
CDR20291_2313	90
CDR20291_2314	71
CDR20291_2315	56
CDR20291_2316	39
CDR20291_2317	67
CDR20291_2318	10
CDR20291_2319	25
CDR20291_2320	52
CDR20291_2321	0
CDR20291_2322	5215
CDR20291_2323	407
CDR20291_2324	40399
CDR20291_2325	14574
CDR20291_2326	4914
CDR20291_2327	2677
CDR20291_2328	13083
CDR20291_2329	6903
CDR20291_2330	1774
CDR20291_2331	1755
CDR20291_2332	2018
CDR20291_2333	2500
CDR20291_2334	1666
CDR20291_2335	1
CDR20291_2336	12220
CDR20291_2337	85
CDR20291_2338	29882
CDR20291_2339	5381
CDR20291_2340	3356
CDR20291_2341	4456
CDR20291_2342	2332
CDR20291_2343	2688
CDR20291_2344	3585
CDR20291_2345	1018
CDR20291_2346	1665
CDR20291_2347	1195
CDR20291_2348	756
CDR20291_2349	3634
CDR20291_2350	1185
CDR20291_2351	5881
CDR20291_2352	4993
CDR20291_2353	22820
CDR20291_2354	58179
CDR20291_2355	10586
CDR20291_2356	16556
CDR20291_2357	956
CDR20291_2358	3156
CDR20291_2359	2238
CDR20291_2360	16389
CDR20291_2361	20
CDR20291_2362	250
CDR20291_2363	65
CDR20291_2364	933
CDR20291_2365	631
CDR20291_2366	11093
CDR20291_2367	2009
CDR20291_2368	0
CDR20291_2369	10200
CDR20291_2370	6611
CDR20291_2371	659
CDR20291_2372	2614
CDR20291_2373	9083
CDR20291_2374	2025
CDR20291_2375	681
CDR20291_2376	3321
CDR20291_2377	262
CDR20291_2378	148
CDR20291_2379	336
CDR20291_2380	41
CDR20291_2381	41
CDR20291_2382	233
CDR20291_2383	75
CDR20291_2384	4582
CDR20291_2385	11719
CDR20291_2386	8978
CDR20291_2387	6057
CDR20291_2388	3855
CDR20291_2389	15
CDR20291_2390	12239
CDR20291_2391	119
CDR20291_2392	3265
CDR20291_2393	2407
CDR20291_2394	1868
CDR20291_2395	1129
CDR20291_2396	867
CDR20291_2397	1259
CDR20291_2398	3319
CDR20291_2399	2041
CDR20291_2400	2784
CDR20291_2401	748
CDR20291_2402	435
CDR20291_2403	153
CDR20291_2404	105
CDR20291_2405	15784
CDR20291_2406	25721
CDR20291_2407	3347
CDR20291_2408	5239
CDR20291_2409	4705
CDR20291_2410	29190
CDR20291_2411	2643
CDR20291_2412	2097
CDR20291_2413	2197
CDR20291_2414	1014
CDR20291_2415	14627
CDR20291_2416	193
CDR20291_2417	1389
CDR20291_2418	553
CDR20291_2419	1489
CDR20291_2420	1858
CDR20291_2421	314
CDR20291_2422	560
CDR20291_2423	444
CDR20291_2424	1968
CDR20291_2425	790
CDR20291_2426	1695
CDR20291_2427	3927
CDR20291_2428	15450
CDR20291_2429	1812
CDR20291_2430	1571
CDR20291_2431	935
CDR20291_2432	2650
CDR20291_2433	794
CDR20291_2434	31597
CDR20291_2435	9179
CDR20291_2436	7162
CDR20291_2437	25816
CDR20291_2438	734
CDR20291_2439	1250
CDR20291_2440	92
CDR20291_2441	1784
CDR20291_2442	4221
CDR20291_2443	2407
CDR20291_2444	2983
CDR20291_2445	10752
CDR20291_2446	24595
CDR20291_2447	2000
CDR20291_2448	2862
CDR20291_2449	172
CDR20291_2450	1392
CDR20291_2451	700
CDR20291_2452	42
CDR20291_2453	43
CDR20291_2454	159
CDR20291_2455	310
CDR20291_2456	1392
CDR20291_2457	278
CDR20291_2458	2453
CDR20291_2459	1083
CDR20291_2460	5929
CDR20291_2461	6843
CDR20291_2462	4315
CDR20291_2463	1005
CDR20291_2464	15029
CDR20291_2465	3540
CDR20291_2466	3884
CDR20291_2467	3094
CDR20291_2468	7148
CDR20291_2469	3469
CDR20291_2470	6468
CDR20291_2471	2414
CDR20291_2472	8724
CDR20291_2473	14338
CDR20291_2474	1943
CDR20291_2475	2978
CDR20291_2476	3485
CDR20291_2477	3103
CDR20291_2478	7114
CDR20291_2479	6332
CDR20291_2480	2330
CDR20291_2481	2608
CDR20291_2482	1170
CDR20291_2483	3250
CDR20291_2484	493
CDR20291_2485	390
CDR20291_2486	132
CDR20291_2487	91576
CDR20291_2488	1115
CDR20291_2489	2177
CDR20291_2490	2925
CDR20291_2491	3271
CDR20291_2492	8114
CDR20291_2493	5445
CDR20291_2494	2760
CDR20291_2495	36997
CDR20291_2496	62604
CDR20291_2497	3601
CDR20291_2498	1934
CDR20291_2499	2568
CDR20291_2500	565
CDR20291_2501	1757
CDR20291_2502	58195
CDR20291_2503	7396
CDR20291_2504	9387
CDR20291_2505	1859
CDR20291_2506	4754
CDR20291_2507	11626
CDR20291_2508	3314
CDR20291_2509	3083
CDR20291_2510	15243
CDR20291_2511	793
CDR20291_2512	900
CDR20291_2513	754
CDR20291_2514	2940
CDR20291_2515	6339
CDR20291_2516	2821
CDR20291_2517	1043
CDR20291_2518	9966
CDR20291_2519	5920
CDR20291_2520	10903
CDR20291_2521	6777
CDR20291_2522	18
CDR20291_2523	91
CDR20291_2524	63
CDR20291_2525	2874
CDR20291_2526	1537
CDR20291_2527	1488
CDR20291_2528	575
CDR20291_2529	187
CDR20291_2530	138
CDR20291_2531	91
CDR20291_2532	77
CDR20291_2533	69555
CDR20291_2534	18362
CDR20291_2535	1215
CDR20291_2536	1244
CDR20291_2537	1165
CDR20291_2538	113
CDR20291_2539	15455
CDR20291_2540	10502
CDR20291_2541	11999
CDR20291_2542	7495
CDR20291_2543	5082
CDR20291_2544	553
CDR20291_2545	17
CDR20291_2546	2098
CDR20291_2547	1128
CDR20291_2548	3153
CDR20291_2549	2709
CDR20291_2550	7932
CDR20291_2551	6432
CDR20291_2552	7856
CDR20291_2553	3319
CDR20291_2554	23281
CDR20291_2555	87652
CDR20291_2556	22167
CDR20291_2557	2974
CDR20291_2558	8592
CDR20291_2559	6360
CDR20291_2560	72953
CDR20291_2561	13454
CDR20291_2562	10139
CDR20291_2563	2295
CDR20291_2564	17
CDR20291_2565	10
CDR20291_2566	11
CDR20291_2567	87
CDR20291_2568	169
CDR20291_2569	108
CDR20291_2570	539861
CDR20291_2571	16096
CDR20291_2572	1451
CDR20291_2573	6163
CDR20291_2574	31
CDR20291_2575	39
CDR20291_2576	553
CDR20291_2577	2571
CDR20291_2578	1057
CDR20291_2579	4225
CDR20291_2580	5105
CDR20291_2581	37780
CDR20291_2582	761
CDR20291_2583	4689
CDR20291_2584	2891
CDR20291_2585	215
CDR20291_2586	34
CDR20291_2587	27
CDR20291_2588	1223
CDR20291_2589	8786
CDR20291_2590	2524
CDR20291_2591	323
CDR20291_2592	5360
CDR20291_2593	3687
CDR20291_2594	2020
CDR20291_2595	92
CDR20291_2596	69
CDR20291_2597	195
CDR20291_2598	144
CDR20291_2599	1029
CDR20291_2600	2152
CDR20291_2601	59482
CDR20291_2602	11408
CDR20291_2603	10881
CDR20291_2604	1457
CDR20291_2605	11870
CDR20291_2606	12970
CDR20291_2607	365
CDR20291_2608	3889
CDR20291_2609	6532
CDR20291_2610	5496
CDR20291_2611	4271
CDR20291_2612	3396
CDR20291_2613	2368
CDR20291_2614	3160
CDR20291_2615	9233
CDR20291_2616	1472
CDR20291_2617	786
CDR20291_2618	3128
CDR20291_2619	968
CDR20291_2620	808
CDR20291_2621	624
CDR20291_2622	326
CDR20291_2623	295
CDR20291_2624	5397
CDR20291_2625	5656
CDR20291_2626	422
CDR20291_2627	375
CDR20291_2628	30457
CDR20291_2629	12860
CDR20291_2630	11807
CDR20291_2631	5079
CDR20291_2632	2706
CDR20291_2633	12714
CDR20291_2634	5631
CDR20291_2635	5469
CDR20291_2636	2192
CDR20291_2637	5089
CDR20291_2638	9708
CDR20291_2639	134
CDR20291_2640	1076
CDR20291_2641	3274
CDR20291_2642	405
CDR20291_2643	59976
CDR20291_2644	3732
CDR20291_2645	12735
CDR20291_2646	3544
CDR20291_2647	918
CDR20291_2648	3905
CDR20291_2649	3389
CDR20291_2650	457
CDR20291_2651	1896
CDR20291_2652	2562
CDR20291_2653	4204
CDR20291_2654	14481
CDR20291_2655	30939
CDR20291_2656	10150
CDR20291_2657	8876
CDR20291_2658	8936
CDR20291_2659	14239
CDR20291_2660	5505
CDR20291_2661	6617
CDR20291_2662	6557
CDR20291_2663	9755
CDR20291_2664	5835
CDR20291_2665	7495
CDR20291_2666	6776
CDR20291_2667	8436
CDR20291_2668	10054
CDR20291_2669	9259
CDR20291_2670	6357
CDR20291_2671	14684
CDR20291_2672	37046
CDR20291_2673	1564
CDR20291_2674	204
CDR20291_2675	2658
CDR20291_2676	40695
CDR20291_2677	59
CDR20291_2678	30370
CDR20291_2679	8077
CDR20291_2680	59800
CDR20291_2681	17701
CDR20291_2682	695328
CDR20291_2683	5071
CDR20291_2684	5990
CDR20291_2685	6483
CDR20291_2686	21723
CDR20291_2687	2222
CDR20291_2688	920
CDR20291_2689	126
CDR20291_2690	3372
CDR20291_2691	9329
CDR20291_2692	2216
CDR20291_2693	5052
CDR20291_2694	1850
CDR20291_2695	1086
CDR20291_2696	535
CDR20291_2697	13
CDR20291_2698	7
CDR20291_2699	903
CDR20291_2700	170
CDR20291_2701	91
CDR20291_2702	14
CDR20291_2703	718
CDR20291_2704	1260
CDR20291_2705	343
CDR20291_2706	5052
CDR20291_2707	4286
CDR20291_2708	5144
CDR20291_2709	238
CDR20291_2710	56
CDR20291_2711	56
CDR20291_2712	102
CDR20291_2713	2156
CDR20291_2714	328
CDR20291_2715_0	0
CDR20291_2716	8429
CDR20291_2715	0
CDR20291_2717	4281
CDR20291_2718	917
CDR20291_2719	1078
CDR20291_2720	4363
CDR20291_2721	12800
CDR20291_2722	1297
CDR20291_2723	795
CDR20291_2724	558
CDR20291_2725	93
CDR20291_2726	29
CDR20291_2727	8
CDR20291_2728	13
CDR20291_2729	9
CDR20291_2730	62
CDR20291_2731	2305
CDR20291_2732	273
CDR20291_2733	5382
CDR20291_2734	6854
CDR20291_2735	184
CDR20291_2736	599
CDR20291_2737	1129
CDR20291_2738	1731
CDR20291_2739	991
CDR20291_2740	12111
CDR20291_2741	3489
CDR20291_2742	2961
CDR20291_2743	26925
CDR20291_2744	35691
CDR20291_2745	22037
CDR20291_2746	1238
CDR20291_2747	1434
CDR20291_2748	2584
CDR20291_2749	1605
CDR20291_2750	564
CDR20291_2751	138
CDR20291_2752	91
CDR20291_2753	282
CDR20291_2754	863
CDR20291_2755	902
CDR20291_2756	415
CDR20291_2757	1843
CDR20291_2758	332
CDR20291_2759	131
CDR20291_2760	1906
CDR20291_2761	1002
CDR20291_2762	2768
CDR20291_2763	2458
CDR20291_2764	125
CDR20291_2765	1235
CDR20291_2766	471
CDR20291_2767	87
CDR20291_2768	695
CDR20291_2769	3035
CDR20291_2770	737
CDR20291_2771	261
CDR20291_2772	286
CDR20291_2773	195
CDR20291_2774	353
CDR20291_2775	2646
CDR20291_2776	2741
CDR20291_2777	6817
CDR20291_2778	11045
CDR20291_2779	983
CDR20291_2780	221
CDR20291_2781	343
CDR20291_2782	475
CDR20291_2783	2824
CDR20291_2784	1787
CDR20291_2785	211
CDR20291_2786	17
CDR20291_2787	274
CDR20291_2788	660
CDR20291_2789	813
CDR20291_2790	106
CDR20291_2791	294
CDR20291_2792	174
CDR20291_2793	193
CDR20291_2794	1729
CDR20291_2795	260
CDR20291_2796	43
CDR20291_2797	11400
CDR20291_2798	856
CDR20291_2799	1130
CDR20291_2800	271533
CDR20291_2801	12
CDR20291_2802	1011
CDR20291_2803	641
CDR20291_2804	1011
CDR20291_2805	1261
CDR20291_2806	317
CDR20291_2807	1444
CDR20291_2808	7
CDR20291_2809	179
CDR20291_2810	150
CDR20291_2811	1267
CDR20291_2812	636
CDR20291_2813	3530
CDR20291_2814	753
CDR20291_2815	1080
CDR20291_2816	1781
CDR20291_2817	712
CDR20291_2818	252
CDR20291_2819	739
CDR20291_2820	334
CDR20291_2821	343
CDR20291_2822	389
CDR20291_2823	181
CDR20291_2824	1823
CDR20291_2825	984
CDR20291_2826	1021
CDR20291_2827	817
CDR20291_2828	1159
CDR20291_2829	1338
CDR20291_2830	2587
CDR20291_2831	1405
CDR20291_2832	12290
CDR20291_2833_0	0
CDR20291_2834	30413
CDR20291_2833	0
CDR20291_2835	7030
CDR20291_2836	489
CDR20291_2837	260
CDR20291_2838	391
CDR20291_2839	66
CDR20291_2840	408
CDR20291_2841	5132
CDR20291_2842	762
CDR20291_2843	722
CDR20291_2844	438
CDR20291_2845	2298
CDR20291_2846	1141
CDR20291_2847	136
CDR20291_2848	10831
CDR20291_2849	6031
CDR20291_2850	1073
CDR20291_2851	2130
CDR20291_2852	12553
CDR20291_2853	365
CDR20291_2854	12134
CDR20291_2855	16141
CDR20291_2856	495
CDR20291_2857	175
CDR20291_2858	98
CDR20291_2859	96
CDR20291_2860	639
CDR20291_2861	606
CDR20291_2862	73
CDR20291_2863	117
CDR20291_2864	109
CDR20291_2865	179
CDR20291_2866	7942
CDR20291_2867	58
CDR20291_2868	119
CDR20291_2869	348
CDR20291_2870	1278
CDR20291_2871	14520
CDR20291_2872	1218
CDR20291_2873	1888
CDR20291_2874	1327
CDR20291_2875	593
CDR20291_2876	12069
CDR20291_2877	876
CDR20291_2878	3334
CDR20291_2879	984
CDR20291_2880	527
CDR20291_2881	281
CDR20291_2882	121
CDR20291_2883	389
CDR20291_2884	72
CDR20291_2885	80
CDR20291_2886	1031
CDR20291_2887	533
CDR20291_2888	558
CDR20291_2889	1758
CDR20291_2890	221
CDR20291_2891	143
CDR20291_2892	46
CDR20291_2893	29
CDR20291_2894	200
CDR20291_2895	100
CDR20291_2896	2919
CDR20291_2897	394
CDR20291_2898	481
CDR20291_2899	190
CDR20291_2900	7115
CDR20291_2901	831
CDR20291_2902	885
CDR20291_2903	1334
CDR20291_2904	613
CDR20291_2905	1239
CDR20291_2906	1249
CDR20291_2907	8834
CDR20291_2908	1737
CDR20291_2909	5173
CDR20291_2910	236
CDR20291_2911	1512
CDR20291_2912	2164
CDR20291_2913	37
CDR20291_2914	153
CDR20291_2915	71
CDR20291_2916	308
CDR20291_2917	29
CDR20291_2918	125
CDR20291_2919	6
CDR20291_2920	48
CDR20291_2921	4
CDR20291_2922	140
CDR20291_2923	938
CDR20291_2924	2959
CDR20291_2925	1811
CDR20291_2926	1713
CDR20291_2927	64368
CDR20291_2928	154627
CDR20291_2929	4638
CDR20291_2930	222193
CDR20291_2931	3371
CDR20291_2932	518
CDR20291_2933	168
CDR20291_2934	525
CDR20291_2935	253
CDR20291_2936	26
CDR20291_2937	15302
CDR20291_2938	10753
CDR20291_2939	203
CDR20291_2940	230
CDR20291_2941	2185
CDR20291_2942	522
CDR20291_2943	244
CDR20291_2944	594
CDR20291_2945	1616
CDR20291_2946	33
CDR20291_2947	194
CDR20291_2948	463
CDR20291_2949	0
CDR20291_2950	8297
CDR20291_2949_0	0
CDR20291_2951	140
CDR20291_2952	110
CDR20291_2953	21
CDR20291_2954	1403
CDR20291_2955	1061
CDR20291_2956	250
CDR20291_2957	26
CDR20291_2958	374
CDR20291_2959	748
CDR20291_2960	262
CDR20291_2961	1670
CDR20291_2962	84
CDR20291_2963	60
CDR20291_2964	1786
CDR20291_2965	1141
CDR20291_2966	180
CDR20291_2967	379
CDR20291_2968	1595
CDR20291_2969	1708
CDR20291_2970	335
CDR20291_2971	887
CDR20291_2972	456
CDR20291_2973	2737
CDR20291_2974	2344
CDR20291_2975	279
CDR20291_2976	99
CDR20291_2977	380
CDR20291_2978	189
CDR20291_2979	66
CDR20291_2980	7209
CDR20291_2981	1319
CDR20291_2982	330
CDR20291_2983	9712
CDR20291_2984	208
CDR20291_2985	999
CDR20291_2986	1903
CDR20291_2987	91
CDR20291_2988	239
CDR20291_2989	230
CDR20291_2990	8921
CDR20291_2991	7345
CDR20291_2992	262
CDR20291_2993	240
CDR20291_2994	4053
CDR20291_2995	2022
CDR20291_2996	1825
CDR20291_2997	1144
CDR20291_2998	1166
CDR20291_2999	261
CDR20291_3000	133
CDR20291_3001	33
CDR20291_3002	6
CDR20291_3003	3
CDR20291_3004	862
CDR20291_3005	323
CDR20291_3006	1361
CDR20291_3007	2369
CDR20291_3008	308
CDR20291_3009	113
CDR20291_3010	2805
CDR20291_3011	2448
CDR20291_3012	1852
CDR20291_3013	109
CDR20291_3014	103
CDR20291_3015	531
CDR20291_3016	174
CDR20291_3017	332
CDR20291_3018	4841
CDR20291_3019	391
CDR20291_3020	318
CDR20291_3021	3102
CDR20291_3022	186
CDR20291_3023	1111
CDR20291_3024	1242
CDR20291_3025	804
CDR20291_3026	93988
CDR20291_3027	68996
CDR20291_3028	23225
CDR20291_3029	35630
CDR20291_3030	74382
CDR20291_3031	42329
CDR20291_3032	3840
CDR20291_3033	359
CDR20291_3034	292
CDR20291_3035	528
CDR20291_3036	631
CDR20291_3037	705
CDR20291_3038	1242
CDR20291_3039	908
CDR20291_3040	826
CDR20291_3041	576
CDR20291_3042	2415
CDR20291_3043	542
CDR20291_3044	595
CDR20291_3045	1263
CDR20291_3046	720
CDR20291_3047	2529
CDR20291_3048	6556
CDR20291_3049	171
CDR20291_3050	495
CDR20291_3051	406
CDR20291_3052	513
CDR20291_3053	99
CDR20291_3054	527
CDR20291_3055	1092
CDR20291_3056	427
CDR20291_3057	241
CDR20291_3058	420
CDR20291_3059	139
CDR20291_3060	85
CDR20291_3061	36
CDR20291_3062	1048
CDR20291_3063	845
CDR20291_3064	2517
CDR20291_3065	2014
CDR20291_3066	3768
CDR20291_3067	1014
CDR20291_3068	166
CDR20291_3069	284
CDR20291_3070	388
CDR20291_3071	1001
CDR20291_3072	120
CDR20291_3073	123
CDR20291_3074	642
CDR20291_3075	1598
CDR20291_3076	277
CDR20291_3077	908
CDR20291_3078	4064
CDR20291_3079	2142
CDR20291_3080	236
CDR20291_3081	4131
CDR20291_3082	12997
CDR20291_3083	4719
CDR20291_3084	14877
CDR20291_3085	14239
CDR20291_3086	13699
CDR20291_3087	15090
CDR20291_3088	4117
CDR20291_3089	1782
CDR20291_3090	970
CDR20291_3091	2950
CDR20291_3092	41143
CDR20291_3093	3854
CDR20291_3094	1176
CDR20291_3095	141
CDR20291_3096	6407
CDR20291_3097	19327
CDR20291_3098	6194
CDR20291_3099	5121
CDR20291_3100	9854
CDR20291_3101	0
CDR20291_3102	4044
CDR20291_3103	65772
CDR20291_3104	5137
CDR20291_3105	12272
CDR20291_3106	544
CDR20291_3107	5
CDR20291_3108	9188
CDR20291_3109	238
CDR20291_3110	1291
CDR20291_3111	6449
CDR20291_3112	4262
CDR20291_3113	2295
CDR20291_3114	21706
CDR20291_3115	50
CDR20291_3116	104
CDR20291_3117	955
CDR20291_3118	39
CDR20291_3119	36
CDR20291_3120	30
CDR20291_3121	38
CDR20291_3122	277
CDR20291_3123	76
CDR20291_3124	798
CDR20291_3125	489
CDR20291_3126	744
CDR20291_3127	2564
CDR20291_3128	1002
CDR20291_3129	10746
CDR20291_3130	15846
CDR20291_3131	2442
CDR20291_3132	2120
CDR20291_3133	1595
CDR20291_3134	1008
CDR20291_3135	27854
CDR20291_3136	439
CDR20291_3137	235
CDR20291_3138	161
CDR20291_3139	43
CDR20291_3140	47
CDR20291_3141	1381
CDR20291_3142	2121
CDR20291_3143	19200
CDR20291_3144	5303
CDR20291_3145	3201
CDR20291_3146	40924
CDR20291_3147	7996
CDR20291_3148	3960
CDR20291_3149	2025
CDR20291_3150	2494
CDR20291_3151	6087
CDR20291_3152	39
CDR20291_3153	21
CDR20291_3154	36
CDR20291_3155	25
CDR20291_3156	194
CDR20291_3157	934
CDR20291_3158	467
CDR20291_3159	389
CDR20291_3160	867
CDR20291_3161	7298
CDR20291_3162	32704
CDR20291_3163	3985
CDR20291_3164	4234
CDR20291_3165	50077
CDR20291_3166	16767
CDR20291_3167	60027
CDR20291_3168	1991
CDR20291_3169	9246
CDR20291_3170	4024
CDR20291_3171	3826
CDR20291_3172	1495
CDR20291_3173	102
CDR20291_3174	1967
CDR20291_3175	5107
CDR20291_3176	1356
CDR20291_3177	171
CDR20291_3178	1936
CDR20291_3179	0
CDR20291_3180	3371
CDR20291_3181	484
CDR20291_3182	413
CDR20291_3183	717
CDR20291_3184	92
CDR20291_3185	224
CDR20291_3186	211
CDR20291_3187	31
CDR20291_3187A	139
CDR20291_3188	600
CDR20291_3189	610
CDR20291_3190	69
CDR20291_3191	795
CDR20291_3192	854
CDR20291_3193	137
CDR20291_3194	17
CDR20291_3195	795
CDR20291_3196	267
CDR20291_3197	787
CDR20291_3198	579
CDR20291_3199	4862
CDR20291_3200	654
CDR20291_3201	1548
CDR20291_3202	784
CDR20291_3203	354
CDR20291_3204	648
CDR20291_3205	1259
CDR20291_3206	300
CDR20291_3207	233
CDR20291_3208	203
CDR20291_3209	1721
CDR20291_3210	477
CDR20291_3211	412
CDR20291_3212	449
CDR20291_3213	74
CDR20291_3214	320
CDR20291_3215	3660
CDR20291_3216	52786
CDR20291_3217	16750
CDR20291_3218	21380
CDR20291_3219	10055
CDR20291_3220	3626
CDR20291_3221	9795
CDR20291_3222	7019
CDR20291_3223	3788
CDR20291_3224	5224
CDR20291_3225	2367
CDR20291_3226	10634
CDR20291_3227	3355
CDR20291_3228	19739
CDR20291_3229	22101
CDR20291_3230	9334
CDR20291_3231	3953
CDR20291_3232	5508
CDR20291_3233	10275
CDR20291_3234	6019
CDR20291_3235	718
CDR20291_3236	258
CDR20291_3237	108
CDR20291_3238	268
CDR20291_3239	480
CDR20291_3240	115
CDR20291_3241	15555
CDR20291_3242	14261
CDR20291_3243	8221
CDR20291_3244	12209
CDR20291_3245	4553
CDR20291_3246	4345
CDR20291_3247	6826
CDR20291_3248	5846
CDR20291_3249	2708
CDR20291_3250	2473
CDR20291_3251	7040
CDR20291_3252	2569
CDR20291_3253	3982
CDR20291_3254	3983
CDR20291_3255	4501
CDR20291_3256	8166
CDR20291_3257	8910
CDR20291_3258	3868
CDR20291_3259	3109
CDR20291_3260	3667
CDR20291_3261	8401
CDR20291_3262	2436
CDR20291_3263	506
CDR20291_3264	378
CDR20291_3265	404
CDR20291_3266	54
CDR20291_3267	37
CDR20291_3268	269
CDR20291_3269	435
CDR20291_3270	156
CDR20291_3271	170
CDR20291_3272	3571
CDR20291_3273	427
CDR20291_3274	1863
CDR20291_3275	2959
CDR20291_3276	43
CDR20291_3277	61
CDR20291_3278	1075
CDR20291_3279	945
CDR20291_3280	199
CDR20291_3281	1215
CDR20291_3282	247
CDR20291_3283	114
CDR20291_3284	272
CDR20291_3285	395
CDR20291_3286	193
CDR20291_3287	63
CDR20291_3288	65
CDR20291_3289	173
CDR20291_3290	391
CDR20291_3291	3651
CDR20291_3292	265
CDR20291_3293	34
CDR20291_3294	5132
CDR20291_3295	11763
CDR20291_3296	9213
CDR20291_3297	4079
CDR20291_3298	2296
CDR20291_3299	11817
CDR20291_3300	4195
CDR20291_3301	2073
CDR20291_3302	1166
CDR20291_3303	6670
CDR20291_3304	95734
CDR20291_3305	39549
CDR20291_3306	80485
CDR20291_3307	14281
CDR20291_3308	18935
CDR20291_3309	7772
CDR20291_3310	31241
CDR20291_3311	8896
CDR20291_3312	1754
CDR20291_3313	4579
CDR20291_3314	932
CDR20291_3315	12263
CDR20291_3316	7424
CDR20291_3317	2931
CDR20291_3318	7704
CDR20291_3319	3351
CDR20291_3320	17695
CDR20291_3321	3563
CDR20291_3322	3023
CDR20291_3323	3691
CDR20291_3324	19714
CDR20291_3325	4123
CDR20291_3326	1330
CDR20291_3327	1048
CDR20291_3328	1512
CDR20291_3329	1470
CDR20291_3330	1866
CDR20291_3331	1189
CDR20291_3332	1002
CDR20291_3333	8989
CDR20291_3334	29096
CDR20291_3335	16573
CDR20291_3336	109
CDR20291_3337	8329
CDR20291_3338	10828
CDR20291_3339	1180
CDR20291_3340	331
CDR20291_3341	1649
CDR20291_3342	2609
CDR20291_3343	2168
CDR20291_3344	540
CDR20291_3345	571
CDR20291_3346	943
CDR20291_3347	1668
CDR20291_3348	871
CDR20291_3349	2381
CDR20291_3350	1386
CDR20291_3351	21128
CDR20291_3352	17954
CDR20291_3353	2796
CDR20291_3354	3383
CDR20291_3355	17315
CDR20291_3356	2123
CDR20291_3357	692
CDR20291_3358	12287
CDR20291_3359	33
CDR20291_3360	3829
CDR20291_3361	1398
CDR20291_3362	570
CDR20291_3363	216
CDR20291_3364	184
CDR20291_3365	76
CDR20291_3366	61
CDR20291_3367	74
CDR20291_3368	39
CDR20291_3369	56
CDR20291_3370	47
CDR20291_3371	40
CDR20291_3372	11
CDR20291_3373	15
CDR20291_3374	8759
CDR20291_3375	24104
CDR20291_3376	37
CDR20291_3377	20
CDR20291_3378	16778
CDR20291_3379	7690
CDR20291_3380	1647
CDR20291_3381	1643
CDR20291_3382	1242
CDR20291_3383	7695
CDR20291_3384	3494
CDR20291_3385	2331
CDR20291_3386	1424
CDR20291_3387	1
CDR20291_3388	32
CDR20291_3389	35788
CDR20291_3390	6959
CDR20291_3391	4875
CDR20291_3392	16038
CDR20291_3393	11934
CDR20291_3394	1196
CDR20291_3395	860
CDR20291_3396	29208
CDR20291_3397	10893
CDR20291_3398	1245
CDR20291_3399	2023
CDR20291_3400	63
CDR20291_3401	42
CDR20291_3402	9625
CDR20291_3403	8648
CDR20291_3404	1482
CDR20291_3405	5635
CDR20291_3406	4849
CDR20291_3407	4010
CDR20291_3408	977
CDR20291_3409	7753
CDR20291_3410	406
CDR20291_3411	72
CDR20291_3412	9
CDR20291_3413	294
CDR20291_3414	566
CDR20291_3415	303
CDR20291_3416	1722
CDR20291_3417	243
CDR20291_3418	122
CDR20291_3419	3711
CDR20291_3420	1940
CDR20291_3421	3383
CDR20291_3422	7791
CDR20291_3423	1698
CDR20291_3424	1263
CDR20291_3425	1073
CDR20291_3426	31238
CDR20291_3427	6495
CDR20291_3428	17010
CDR20291_3429	4314
CDR20291_3430	2461
CDR20291_3431	3460
CDR20291_3432	4676
CDR20291_3433	4800
CDR20291_3434	10367
CDR20291_3435	1931
CDR20291_3436	1904
CDR20291_3437	2951
CDR20291_3438	2206
CDR20291_3439	343
CDR20291_3440	2717
CDR20291_3441	2514
CDR20291_3442	4384
CDR20291_3443	947
CDR20291_3444	1525
CDR20291_3445	1322
CDR20291_3446	9758
CDR20291_3447	7713
CDR20291_3448	540
CDR20291_3449	147
CDR20291_3450	2082
CDR20291_3451	150
CDR20291_3452	401
CDR20291_3453	17
CDR20291_3454	5
CDR20291_3455	2513
CDR20291_3456	3508
CDR20291_3457	2849
CDR20291_3458	118
CDR20291_3459	75
CDR20291_3460	3
CDR20291_3461	4733
CDR20291_3462	12
CDR20291_3463	34
CDR20291_3464	10
CDR20291_3465	22
CDR20291_3466	1
CDR20291_3467	2
CDR20291_3468	3225
CDR20291_3469	4304
CDR20291_3470	269
CDR20291_3471	196
CDR20291_3472	170
CDR20291_3473	213
CDR20291_3474	6
CDR20291_3475	233
CDR20291_3476	5003
CDR20291_3477_0	0
CDR20291_3478	23890
CDR20291_3477	0
CDR20291_3479	526
CDR20291_3480	653
CDR20291_3481	207
CDR20291_3482	498
CDR20291_3483	977
CDR20291_3484	757
CDR20291_3485	233
CDR20291_3486	436
CDR20291_3487	208
CDR20291_3488	245
CDR20291_3489	90
CDR20291_3490	293
CDR20291_3491	20
CDR20291_3492	314
CDR20291_3493	239
CDR20291_3494	88
CDR20291_3495	23
CDR20291_3496	215
CDR20291_3497	138
CDR20291_3498	383
CDR20291_3499	264
CDR20291_3500	147
CDR20291_3501	160
CDR20291_3502	153
CDR20291_3503	53
CDR20291_3504	93
CDR20291_3505	900
CDR20291_3506	362
CDR20291_3507	285
CDR20291_3508	1547
CDR20291_3509	6458
CDR20291_3510	3906
CDR20291_3511	82
CDR20291_3512	3721
CDR20291_3513	5583
CDR20291_3514	17121
CDR20291_3515	273
CDR20291_3516	18949
CDR20291_3517	5054
CDR20291_3518	20614
CDR20291_3519	8331
CDR20291_3520	3357
CDR20291_3521	10989
CDR20291_3522	25896
CDR20291_3523	10232
CDR20291_3524	71493
CDR20291_3525	1600
CDR20291_3526	2709
CDR20291_3527	17437
CDR20291_3528	11417
CDR20291_3529	9790
CDR20291_3530	8416
CDR20291_3531	3284
CDR20291_3532	2001
CDR20291_3533	4479
CDR20291_3534	5917
CDR20291_3535	17589
CDR20291_3536	8603
CDR20291_3537	10809
CDR20291_3538	10943
CDR20291_3539	758
CDR20291_3540	2317
CDR20291_3541	818
