gene	norm_1	norm_2	norm_3
OG1RF_10627	222172	151533	147240
OG1RF_12165	1503	1527	1339
OG1RF_10537	2176	1998	2065
OG1RF_12178	69020	77318	78127
OG1RF_12182	26854	29999	31481
OG1RF_12180	111947	127421	131604
OG1RF_12179	69888	77732	78921
OG1RF_11143	34858	41529	42408
OG1RF_11644	69910	70007	70490
OG1RF_12187	17632	19384	19272
OG1RF_12371	4359	4404	4180
OG1RF_10578	4508	4888	4675
OG1RF_10241	9558	9552	9491
OG1RF_11836	1075	1094	997
OG1RF_10051	2922	2354	2474
OG1RF_10119	2362	2703	2677
OG1RF_10891	48326	48004	49672
OG1RF_10994	617	644	607
OG1RF_10140	36748	36495	36108
OG1RF_11533	10413	9320	9234
OG1RF_10172	80708	76828	80345
OG1RF_11517	1014	1002	826
OG1RF_12316	97	100	119
OG1RF_10471	115	136	109
OG1RF_12275	196	207	206
OG1RF_12103	2231	3295	2586
OG1RF_11167	131790	121868	125819
OG1RF_10198	664	718	686
OG1RF_10414	4231	3838	3822
OG1RF_12279	186	210	253
OG1RF_10276	565	622	554
OG1RF_10579	29708	30608	30166
OG1RF_10985	12122	12889	13133
OG1RF_12278	629	654	613
OG1RF_10197	49622	49289	50113
OG1RF_11063	17548	16801	18541
OG1RF_11302	19056	19233	18940
OG1RF_11530	641	652	678
OG1RF_12003	736	710	652
OG1RF_11969	11067	12071	11483
OG1RF_10935	267	342	297
OG1RF_10941	7727	8126	8182
OG1RF_11400	15112	14866	14607
OG1RF_10964	18066	20386	19152
OG1RF_10909	351	342	408
OG1RF_10215	2386	2954	2676
OG1RF_10099	2089	3261	2074
OG1RF_10100	2194	3285	2142
OG1RF_10101	1536	2207	1526
OG1RF_10274	243	310	294
OG1RF_11956	364	360	353
OG1RF_10472	83	115	106
OG1RF_10469	48	45	48
OG1RF_10098	1733	1630	1589
OG1RF_10413	4152	4033	3979
OG1RF_10717	4709	4920	4803
OG1RF_11902	40587	34763	36791
OG1RF_11285	212410	203843	211906
OG1RF_11282	148282	149500	156006
OG1RF_11283	168263	169301	175046
OG1RF_11441	5729	5720	5472
OG1RF_11280	103700	107294	113552
OG1RF_11281	121323	126163	131915
OG1RF_11286	55618	53539	56158
OG1RF_11920	5825	5709	5730
OG1RF_12237	27	26	24
OG1RF_10955	26204	26194	27319
OG1RF_11805	63852	62661	63282
OG1RF_10710	11620	12404	12051
OG1RF_12375	7801	8018	7899
OG1RF_10619	8336	5682	6020
OG1RF_11806	43293	43607	43897
OG1RF_11085	26335	26492	26746
OG1RF_11417	17033	16874	16617
OG1RF_11632	80785	76145	75937
OG1RF_11152	40932	40189	39415
OG1RF_11213	91230	84607	88832
OG1RF_11988	124206	120200	120313
OG1RF_11214	73370	68130	69683
OG1RF_11992	39531	38840	37980
OG1RF_11211	38499	36296	38654
OG1RF_11985	29544	29653	29028
OG1RF_11215	26244	24209	25175
OG1RF_11986	129080	126633	127276
OG1RF_11210	20223	18819	19718
OG1RF_11991	7556	7310	7271
OG1RF_10077	57	55	64
OG1RF_11212	8448	7755	7912
OG1RF_11990	25839	24052	23921
OG1RF_11987	67703	66155	66000
OG1RF_11989	30321	29043	29059
OG1RF_11208	73454	68295	73173
OG1RF_11209	13550	12919	13347
OG1RF_10278	443	476	456
OG1RF_11927	7788	7837	7801
OG1RF_11928	3267	3024	2957
OG1RF_11622	30394	31861	32338
OG1RF_10545	3986	4025	3790
OG1RF_11514	524	476	459
OG1RF_10216	595	704	712
OG1RF_10753	666	816	768
OG1RF_11976	2018	2262	2112
OG1RF_11975	3984	4953	4341
OG1RF_10214	3870	4757	4589
OG1RF_11323	4221	4229	4075
OG1RF_11009	422	457	490
OG1RF_12498	9873	9974	10199
OG1RF_11372	31	13	17
OG1RF_11371	72	39	72
OG1RF_11370	289	305	308
OG1RF_10865	1275	1277	1299
OG1RF_11803	133	120	136
OG1RF_10187	30228	33865	32690
EBG00001209423	0	0	0
OG1RF_10986	4615	4896	4945
OG1RF_11374	266	331	270
OG1RF_11422	3014	3176	3164
OG1RF_11457	37767	36200	37390
OG1RF_11428	5158	5253	4706
OG1RF_11427	20354	20089	18984
OG1RF_10405	817	783	801
OG1RF_10406	195	158	146
OG1RF_10422	14129	13895	13713
OG1RF_12285	4676	4871	4837
OG1RF_11543	1090	1150	1114
OG1RF_11541	786	868	779
OG1RF_11276	23868	22721	23324
OG1RF_11452	127	122	133
OG1RF_11453	59775	58932	59689
OG1RF_10123	4623	4245	3961
OG1RF_12271	1430	1409	1327
OG1RF_11914	17142	17006	17295
OG1RF_10234	159	205	188
OG1RF_10745	31	55	22
OG1RF_10750	61	67	56
OG1RF_10936	64	77	81
OG1RF_11481	6139	6290	5677
OG1RF_10235	116	95	120
OG1RF_10937	932	922	904
OG1RF_12108	17962	18672	18364
OG1RF_10149	14964	14330	14363
OG1RF_11627	64733	59454	60311
OG1RF_11247	25678	25743	26283
OG1RF_10250	486	445	444
OG1RF_12494	3276	3498	3557
OG1RF_12440	7159	6443	6522
OG1RF_12567	7589	6797	6683
OG1RF_12566	1513	1429	1419
OG1RF_12565	7028	6530	6265
OG1RF_12564	15516	14150	13731
OG1RF_12563	4637	4142	4084
OG1RF_12560	5110	5033	5093
OG1RF_11227	107	101	113
OG1RF_11793	37505	37373	36301
OG1RF_12530	44076	49363	49513
OG1RF_10444	64270	68399	65723
OG1RF_10505	25741	26163	25390
OG1RF_11581	63706	65320	65576
OG1RF_10364	19792	20206	21212
OG1RF_11324	21882	22551	22548
OG1RF_11266	17360	16595	16288
OG1RF_10811	13910	14728	14702
OG1RF_11898	1731	1715	1722
OG1RF_10116	18616	18779	19265
OG1RF_12027	4992	5004	4927
OG1RF_12028	3521	3470	3373
OG1RF_11883	6095	5757	6031
OG1RF_10608	4936	4973	4947
OG1RF_10834	1550	1400	1329
OG1RF_11357	20011	20309	20105
OG1RF_11880	25	48	54
OG1RF_11879	3054	3578	3266
OG1RF_11878	2022	2264	2361
OG1RF_11479	532	519	542
OG1RF_11478	335	357	331
OG1RF_11652	172	162	145
OG1RF_11651	253	289	275
OG1RF_11650	51	39	44
OG1RF_11647	22	14	9
OG1RF_10603	16706	16246	16186
OG1RF_10240	620	703	585
OG1RF_10242	614	620	599
OG1RF_11383	5654	5747	5762
OG1RF_10951	4352	3857	3651
OG1RF_11827	14941	14414	13963
OG1RF_10404	4800	4777	4416
OG1RF_10407	467	464	420
OG1RF_11155	7492	7427	7157
OG1RF_11437	828	825	735
OG1RF_12225	11391	11510	10365
OG1RF_10513	3422	3370	3819
OG1RF_10784	39541	38989	38865
OG1RF_12531	3178	3656	3502
OG1RF_12037	10330	10325	10173
OG1RF_11191	11647	11460	11866
OG1RF_12042	2866	2967	2875
OG1RF_11666	77687	76238	77137
OG1RF_11665	54360	52254	53267
OG1RF_10043	5139	5054	4866
OG1RF_10044	22822	21791	21774
OG1RF_10045	4467	4496	4472
OG1RF_11854	3666	4019	3940
OG1RF_10956	21226	21283	21833
OG1RF_11275	13094	12661	12398
OG1RF_10911	8581	8660	8806
OG1RF_12446	19983	19996	20518
OG1RF_10349	4830	4874	4670
OG1RF_10317	206	208	234
OG1RF_10574	50625	49812	50145
OG1RF_12336	8432	8173	8006
OG1RF_12388	8157	8344	8252
OG1RF_10133	20680	20160	19721
OG1RF_10122	9807	8925	8366
OG1RF_10134	17955	17454	17422
OG1RF_11137	1069	1180	1047
OG1RF_11843	5797	5624	5806
OG1RF_11148	5262	5485	5282
OG1RF_10558	3758	3642	3743
OG1RF_12117	3741	3828	3736
OG1RF_10859	1733	1780	1749
OG1RF_10735	34304	34696	33568
OG1RF_10928	11709	11571	11421
OG1RF_10915	10697	10989	10886
OG1RF_12112	17660	19517	18813
OG1RF_12110	2191	2418	2310
OG1RF_12109	21277	23372	23555
OG1RF_10001	38795	39979	39989
OG1RF_10012	20336	20578	20690
OG1RF_10610	39246	40741	41150
OG1RF_10931	12033	11893	11838
OG1RF_10777	34198	33088	33142
OG1RF_11241	56402	52471	54129
OG1RF_10611	29022	29941	29379
OG1RF_11080	53216	50172	49774
OG1RF_11078	133623	126088	123308
OG1RF_10002	32979	33961	34194
OG1RF_10940	9899	9656	10128
OG1RF_11808	40273	40136	41003
OG1RF_12140	47534	47598	48122
OG1RF_11959	169	172	134
OG1RF_11364	150	156	150
OG1RF_12488	15775	15792	14691
OG1RF_10765	5034	5146	4987
OG1RF_11635	10059	9934	9376
OG1RF_12111	14946	16465	16395
OG1RF_10326	34672	36015	37364
OG1RF_10211	21279	22607	22067
OG1RF_10038	5383	5608	5596
OG1RF_12076	2146	2424	2152
OG1RF_11438	2286	2454	2428
OG1RF_12397	192	239	174
OG1RF_10310	167	170	149
OG1RF_10230	30742	28824	28518
OG1RF_12167	706	811	643
OG1RF_11268	38591	38285	38393
OG1RF_11623	229744	213023	214457
OG1RF_12358	387	472	427
OG1RF_12459	5871	6191	5919
OG1RF_11842	22254	21786	21937
OG1RF_11995	5400	5374	5484
OG1RF_11100	1797	1649	1670
OG1RF_11345	384	267	200
OG1RF_11344	468	405	375
OG1RF_11343	319	288	207
OG1RF_11334	409	425	352
OG1RF_11342	270	194	154
OG1RF_11335	59	64	41
OG1RF_11351	382	337	324
OG1RF_11333	148	104	96
OG1RF_10684	864	897	811
OG1RF_10257	80694	79333	80572
OG1RF_12185	60700	68827	71356
OG1RF_10226	104651	113907	115188
OG1RF_12183	97571	109074	113245
OG1RF_10068	4624	4687	4777
OG1RF_11485	5659	5657	5600
OG1RF_12184	54546	62618	63716
OG1RF_12188	81754	89382	95362
OG1RF_10225	57515	63712	67204
OG1RF_12186	59896	66766	70987
OG1RF_10227	34411	36881	37581
OG1RF_12181	25314	28634	30242
OG1RF_10945	196905	187348	189237
OG1RF_11220	3096	2522	2452
OG1RF_11178	1799	1650	1810
OG1RF_12290	295	315	273
OG1RF_10359	1471	1217	1309
OG1RF_10360	17246	14821	15674
OG1RF_11262	913	933	905
OG1RF_11411	21895	21107	21616
OG1RF_11436	15629	15393	15054
OG1RF_10139	5741	6005	6185
OG1RF_12030	25983	25665	25061
OG1RF_12387	17855	17882	18160
OG1RF_10628	14930	15521	15551
OG1RF_11296	5036	5160	5151
OG1RF_12518	824	907	894
OG1RF_12228	19398	19967	19787
OG1RF_10712	14182	14344	14012
OG1RF_12516	2272	2540	2576
OG1RF_12517	1594	1809	1706
OG1RF_12514	4297	4567	4585
OG1RF_11830	29787	27872	27536
OG1RF_10454	4571	4835	4895
OG1RF_10431	51	81	58
OG1RF_10455	1161	1265	1273
OG1RF_11234	21	4	9
OG1RF_11529	5066	4908	5132
OG1RF_11528	56069	55399	57335
OG1RF_11527	96002	95874	101296
OG1RF_12150	6730	6889	6828
OG1RF_10729	105721	103327	104515
OG1RF_11473	25196	25201	25173
OG1RF_10209	142843	142679	144178
OG1RF_11105	1174	1140	1200
OG1RF_10728	23226	22473	22457
OG1RF_11889	30677	31053	31753
OG1RF_11921	24063	23772	24850
OG1RF_11472	40480	40249	40098
OG1RF_12362	36924	34879	35692
OG1RF_10730	120925	118881	120020
OG1RF_11245	8382	8562	8404
OG1RF_10146	619136	585034	595261
OG1RF_10378	1151	1287	1218
OG1RF_10850	1141	1253	1175
OG1RF_11707	16695	16802	16610
OG1RF_12142	14740	14452	15038
OG1RF_10849	1327	1479	1346
OG1RF_10848	487	506	379
OG1RF_10852	7758	8386	8464
OG1RF_10851	7854	8775	8677
OG1RF_11246	8605	8717	8751
OG1RF_11626	253901	227796	232907
OG1RF_10462	80050	77893	78687
OG1RF_10463	83334	80728	81731
OG1RF_10461	6637	6778	6510
OG1RF_12569	7891	6849	6813
OG1RF_11903	29480	29756	29909
OG1RF_11919	4163	3891	3958
OG1RF_11820	402	380	378
OG1RF_11203	50249	48525	49261
OG1RF_11526	181160	162919	174829
OG1RF_10010	50456	49574	50094
OG1RF_10014	5965	5984	6365
OG1RF_10015	1079	1124	1127
OG1RF_10016	49593	49091	50859
OG1RF_10021	98978	95712	92869
OG1RF_10022	8768	8735	8243
OG1RF_10023	13675	14512	14437
OG1RF_10024	2324	2178	1964
OG1RF_10025	716	691	647
OG1RF_10028	4691	5061	4750
OG1RF_10029	19525	21727	21402
OG1RF_10030	141	124	131
OG1RF_10031	32743	34553	33988
OG1RF_10032	103	98	116
OG1RF_10033	953	966	1042
OG1RF_10034	1223	1134	1267
OG1RF_10035	3032	3156	3139
OG1RF_10040	21215	20825	21407
OG1RF_10046	14241	13545	13795
OG1RF_10047	7193	6982	6969
OG1RF_10048	206	245	184
OG1RF_10052	2397	1702	1926
OG1RF_10056	9550	10132	9645
OG1RF_10057	2060	1962	2010
OG1RF_10058	44	43	41
OG1RF_10059	191	235	219
OG1RF_10062	1039	1043	1005
OG1RF_10063	1430	1408	1430
OG1RF_10064	3653	3858	3379
OG1RF_10065	243	257	282
OG1RF_10066	8118	8661	8080
OG1RF_10067	11	12	11
OG1RF_10069	3729	3603	3571
OG1RF_10070	643	597	658
OG1RF_10071	3328	3267	3129
OG1RF_10072	2859	2947	2784
OG1RF_10073	1320	1301	1305
OG1RF_10074	111	94	99
OG1RF_10075	337	365	289
OG1RF_10076	789	772	691
OG1RF_10078	98	76	73
OG1RF_10079	129753	123619	140190
OG1RF_10080	8687	7957	8712
OG1RF_10082	1130	1187	1284
OG1RF_10083	1513	1565	1523
OG1RF_10084	2133	2139	2094
OG1RF_10085	8178	8283	8407
OG1RF_10086	32450	33122	33607
OG1RF_10087	12	16	16
OG1RF_10088	1301	1356	1322
OG1RF_10089	21480	19502	19103
OG1RF_10090	7278	6802	6915
OG1RF_10091	14336	13745	13872
OG1RF_10096	7251	7613	7228
OG1RF_10097	5944	5898	5658
OG1RF_10103	2532	3271	2700
OG1RF_10104	1932	2426	2142
OG1RF_10105	362	482	420
OG1RF_10106	2057	2075	1996
OG1RF_10107	1771	1737	1606
OG1RF_10108	1147	1056	967
OG1RF_10109	1192	1277	1225
OG1RF_10110	3532	3785	3939
OG1RF_10111	616	620	631
OG1RF_10113	1524	1396	1394
OG1RF_10114	127	168	134
OG1RF_10117	2455	2645	2426
OG1RF_10120	22780	21760	21261
OG1RF_10124	24835	22552	22370
OG1RF_10125	34648	33526	32239
OG1RF_10126	26455	23923	22323
OG1RF_10127	20238	19760	18235
OG1RF_10128	20178	18878	17987
OG1RF_10129	160	159	129
OG1RF_10130	380	374	401
OG1RF_10131	45	47	48
OG1RF_10132	26	41	30
OG1RF_10135	14400	14118	14142
OG1RF_10136	8530	7087	7706
OG1RF_10137	3270	3532	3482
OG1RF_10138	6033	5964	6264
OG1RF_10142	11696	11823	11916
OG1RF_10180	11707	12347	11925
OG1RF_10181	13951	14574	13540
OG1RF_10182	14029	13892	13708
OG1RF_10183	16726	16690	16384
OG1RF_10184	13367	13463	13642
OG1RF_10186	2592	2801	2643
OG1RF_10188	283	368	370
OG1RF_10189	4230	4376	4231
OG1RF_10190	10345	9570	9645
OG1RF_10191	18886	16985	16315
OG1RF_10192	19854	20146	19435
OG1RF_10193	6	6	3
OG1RF_10194	7342	7280	7443
OG1RF_10195	11244	11696	11652
OG1RF_10196	9273	9766	9585
OG1RF_10202	31428	32162	32828
OG1RF_10203	6041	6194	6326
OG1RF_10204	99	80	90
OG1RF_10205	10302	10322	10368
OG1RF_10206	17931	17508	17013
OG1RF_10207	16244	16004	16344
OG1RF_10217	589	752	670
OG1RF_10218	4306	4728	4361
OG1RF_10219	2438	2768	2621
OG1RF_10222	2170	2010	1944
OG1RF_10223	9564	9944	9987
OG1RF_10224	7200	7667	8025
OG1RF_10229	1835	2059	1933
OG1RF_10231	43	63	30
OG1RF_10236	1845	2006	1848
OG1RF_10237	7161	7120	6672
OG1RF_10243	7792	8318	7926
OG1RF_10244	1222	1125	1173
OG1RF_10246	831	829	881
OG1RF_10251	158	163	129
OG1RF_10252	10675	10402	10880
OG1RF_10253	10165	10105	10673
OG1RF_10254	6944	6664	6719
OG1RF_10256	6503	6498	6643
OG1RF_10259	1982	1932	1785
OG1RF_10260	2886	2980	2917
OG1RF_10261	171	140	145
OG1RF_10262	646	674	683
OG1RF_10263	532	609	666
OG1RF_10265	1490	1443	1300
OG1RF_10266	7059	7657	7115
OG1RF_10267	3152	2999	3039
OG1RF_10268	1871	1830	1784
OG1RF_10269	3817	3774	3895
OG1RF_10270	7708	7441	7813
OG1RF_10271	739	909	671
OG1RF_10272	221	230	210
OG1RF_10273	304	370	352
OG1RF_10275	502	546	549
OG1RF_10277	298	377	375
OG1RF_10279	2560	2406	2515
OG1RF_10280	0	8	3
OG1RF_10281	71566	72396	74301
OG1RF_10282	6377	5993	5845
OG1RF_10283	27753	27729	28177
OG1RF_10284	6653	6641	6740
OG1RF_10285	18495	18275	18322
OG1RF_10286	31765	30448	30645
OG1RF_10289	1685	1734	1740
OG1RF_10290	4476	4788	4880
OG1RF_10291	2545	2506	2281
OG1RF_10293	7805	7807	8059
OG1RF_10295	38	23	30
OG1RF_10299	9716	9467	9906
OG1RF_10300	361	358	347
OG1RF_10301	8746	8681	7613
OG1RF_10302	5793	5688	5027
OG1RF_10303	14207	14499	13007
OG1RF_10304	101	122	108
OG1RF_10305	1466	1388	1470
OG1RF_10306	9780	9889	10021
OG1RF_10308	2069	2208	2153
OG1RF_10309	3527	3759	3627
OG1RF_10311	470	516	417
OG1RF_10315	46	50	59
OG1RF_10316	27	20	26
OG1RF_10318	385	430	479
OG1RF_10323	215	238	217
OG1RF_10324	343	340	415
OG1RF_10325	65	72	66
OG1RF_10327	0	0	1
OG1RF_10328	968	1181	1117
OG1RF_10329	789	808	750
OG1RF_10336	3155	2877	2857
OG1RF_10337	73098	68835	69529
OG1RF_10339	731	757	731
OG1RF_10340	142	129	101
OG1RF_10341	122	130	109
OG1RF_10343	1939	2053	1888
OG1RF_10345	1325	1328	1304
OG1RF_10346	501	529	517
OG1RF_10347	9642	9554	9737
OG1RF_10350	30278	30948	31338
OG1RF_10352	3356	3365	3265
OG1RF_10353	4262	3937	3513
OG1RF_10354	14511	12696	12020
OG1RF_10361	116	112	108
OG1RF_10363	3055	3237	3358
OG1RF_10365	30	17	23
OG1RF_10367	47220	44814	46190
OG1RF_10368	21735	22410	22865
OG1RF_10370	20419	20289	20084
OG1RF_10371	541	532	565
OG1RF_10374	485	545	504
OG1RF_10375	998	946	937
OG1RF_10376	1427	1550	1461
OG1RF_10377	1011	1021	1184
OG1RF_10379	1532	1448	1434
OG1RF_10380	364	396	353
OG1RF_10382	7915	8043	8049
OG1RF_10383	136	109	145
OG1RF_10384	391	389	439
OG1RF_10385	1384	1589	1563
OG1RF_10386	655	628	633
OG1RF_10387	1111	1033	1000
OG1RF_10388	2753	3022	2935
OG1RF_10389	5602	5927	5656
OG1RF_10391	3143	3570	3268
OG1RF_10392	23879	24948	24248
OG1RF_10393	2679	2819	2830
OG1RF_10395	415	387	370
OG1RF_10396	1329	1209	1171
OG1RF_10398	6142	6279	6120
OG1RF_10400	49885	51704	51987
OG1RF_10403	960	1032	869
OG1RF_10408	14	10	7
OG1RF_10409	190	181	204
OG1RF_10410	744	774	818
OG1RF_10411	1608	1577	1549
OG1RF_10412	3061	3149	2984
OG1RF_10415	1399	1169	1130
OG1RF_10416	4322	4197	4153
OG1RF_10418	18738	18772	17557
OG1RF_10419	4	6	8
OG1RF_10420	7598	7651	7673
OG1RF_10421	23931	22787	24043
OG1RF_10424	3432	3449	3405
OG1RF_10426	11723	12013	12368
OG1RF_10427	18663	18566	19035
OG1RF_10430	864	943	913
OG1RF_10432	162	141	136
OG1RF_10433	50	39	51
OG1RF_10435	17411	17519	17240
OG1RF_10436	6924	6688	6834
OG1RF_10437	21831	22184	22715
OG1RF_10438	46379	44989	46620
OG1RF_10440	759	801	811
OG1RF_10441	2445	2381	2331
OG1RF_10442	7220	7211	7044
OG1RF_10443	2268	2207	2273
OG1RF_10445	6	1	4
OG1RF_10446	864	899	785
OG1RF_10449	245	270	258
OG1RF_10450	109	115	137
OG1RF_10451	492	459	477
OG1RF_10453	9760	10394	10559
OG1RF_10457	34355	34691	35324
OG1RF_10460	2124	1947	1852
OG1RF_10467	226	206	210
OG1RF_10468	1361	1364	1295
OG1RF_10470	91	139	112
OG1RF_10473	7437	7838	8022
OG1RF_10474	2751	3031	3162
OG1RF_10475	6293	6775	6849
OG1RF_10476	1273	1366	1327
OG1RF_10477	4916	5175	5147
OG1RF_10478	1540	1471	1464
OG1RF_10479	3474	3530	3638
OG1RF_10481	2564	2748	2813
OG1RF_10482	2126	2218	2402
OG1RF_10483	5106	5469	5461
OG1RF_10484	0	0	0
OG1RF_10485	1582	1658	1718
OG1RF_10486	1988	2012	2117
OG1RF_10487	2528	2549	2578
OG1RF_10488	8666	8856	9252
OG1RF_10489	3105	3265	3295
OG1RF_10490	1309	1469	1507
OG1RF_10491	512	590	626
OG1RF_10492	1584	1638	1712
OG1RF_10493	840	825	926
OG1RF_10494	457	512	517
OG1RF_10495	25689	24636	24475
OG1RF_10499	2936	2435	2746
OG1RF_10500	16420	16201	16138
OG1RF_10501	19835	19391	19536
OG1RF_10502	19534	19116	19394
OG1RF_10503	981	1005	891
OG1RF_10504	5744	5935	5479
OG1RF_10506	8781	8944	8930
OG1RF_10507	2669	2860	2701
OG1RF_10508	1562	1589	1514
OG1RF_10509	43	39	39
OG1RF_10510	725	763	823
OG1RF_10511	9672	9514	9520
OG1RF_10512	1457	1474	1515
OG1RF_10515	0	0	0
OG1RF_10516	24223	25495	25816
OG1RF_10518	15384	15129	14484
OG1RF_10519	12858	12508	12191
OG1RF_10520	3131	3013	2911
OG1RF_10521	11448	12158	11441
OG1RF_10522	17406	18264	17586
OG1RF_10523	130	151	164
OG1RF_10524	232	274	255
OG1RF_10525	11163	11539	11827
OG1RF_10526	610	562	576
OG1RF_10527	351	452	367
OG1RF_10528	10267	10301	10463
OG1RF_10529	21617	21413	22190
OG1RF_10530	7246	7647	8061
OG1RF_10531	11566	11441	10463
OG1RF_10532	6479	6445	6089
OG1RF_10535	740	788	772
OG1RF_10536	1581	1713	1793
OG1RF_10538	1112	1045	965
OG1RF_10539	732	665	592
OG1RF_10540	5955	6004	6351
OG1RF_10541	1277	1229	1029
OG1RF_10542	1390	1582	1475
OG1RF_10543	681	776	788
OG1RF_10544	1650	1611	1555
OG1RF_10546	3614	3670	3597
OG1RF_10548	400	385	303
OG1RF_10549	541	421	377
OG1RF_10550	316	317	329
OG1RF_10551	1057	1060	1151
OG1RF_10555	1965	1918	1938
OG1RF_10557	427	550	450
OG1RF_10559	1005	886	866
OG1RF_10560	65	68	73
OG1RF_10561	138	117	133
OG1RF_10562	80	62	91
OG1RF_10563	191	155	166
OG1RF_10564	166	136	124
OG1RF_10565	444	482	518
OG1RF_10566	28	58	48
OG1RF_10567	439	411	475
OG1RF_10568	752	876	776
OG1RF_10569	564	584	576
OG1RF_10570	552	459	483
OG1RF_10571	1240	1355	1436
OG1RF_10572	13399	13423	13755
OG1RF_10573	5656	5964	5748
OG1RF_10577	0	0	0
OG1RF_10580	5540	5466	5520
OG1RF_10581	82	116	105
OG1RF_10582	203	278	260
OG1RF_10583	49	48	55
OG1RF_10584	239	231	215
OG1RF_10585	6835	6778	7266
OG1RF_10587	6735	6704	6545
OG1RF_10589	2119	2309	2338
OG1RF_10590	29802	29203	29002
OG1RF_10591	1299	1286	1262
OG1RF_10596	59	57	42
OG1RF_10599	3543	3393	3371
OG1RF_10600	26004	25089	25877
OG1RF_10601	30650	34191	34006
OG1RF_10602	255	306	326
OG1RF_10604	498	540	556
OG1RF_10605	10406	9789	9689
OG1RF_10612	6120	6096	6614
OG1RF_10613	7078	6923	7284
OG1RF_10614	2891	2921	2865
OG1RF_10615	1894	1931	1920
OG1RF_10616	4595	4701	4555
OG1RF_10617	2495	2330	2438
OG1RF_10618	832	687	861
OG1RF_10620	4128	2935	3171
OG1RF_10621	9047	6043	6412
OG1RF_10623	2945	2084	2073
OG1RF_10625	20889	20804	20368
OG1RF_10626	4000	3790	3643
OG1RF_10629	15997	16391	16600
OG1RF_10632	1199	1149	1170
OG1RF_10633	1323	1430	1387
OG1RF_10635	12379	12570	12684
OG1RF_10640	8988	9400	9700
OG1RF_10644	677	701	695
OG1RF_10645	254	248	200
OG1RF_10646	4900	5085	4799
OG1RF_10648	7774	7345	7444
OG1RF_10649	31404	30137	30995
OG1RF_10650	2232	2178	2279
OG1RF_10651	3210	3102	3179
OG1RF_10652	546	617	570
OG1RF_10653	8397	8080	7886
OG1RF_10655	15131	16378	16688
OG1RF_10656	26908	27770	28006
OG1RF_10658	444	530	439
OG1RF_10659	3097	2968	2786
OG1RF_10661	9481	9645	9605
OG1RF_10662	7463	7708	7471
OG1RF_10664	955	917	902
OG1RF_10665	6624	6851	6343
OG1RF_10667	16903	17960	17482
OG1RF_10669	11798	11995	12116
OG1RF_10670	3651	3888	3955
OG1RF_10671	22762	25033	27110
OG1RF_10672	20452	20967	20125
OG1RF_10673	5129	5207	5171
OG1RF_10677	6320	6661	6271
OG1RF_10678	3787	4166	4021
OG1RF_10679	652	741	620
OG1RF_10680	7105	7225	7284
OG1RF_10681	2325	2415	2388
OG1RF_10686	1040	997	1014
OG1RF_10687	3081	2947	2996
OG1RF_10688	779	754	793
OG1RF_10689	1137	1190	1163
OG1RF_10690	2525	2569	2675
OG1RF_10691	36	43	24
OG1RF_10692	93	97	104
OG1RF_10693	6	14	18
OG1RF_10694	60	83	78
OG1RF_10695	36	29	32
OG1RF_10696	146	137	118
OG1RF_10697	95	92	71
OG1RF_10698	202	233	211
OG1RF_10699	1247	1274	1343
OG1RF_10700	73	76	73
OG1RF_10701	12	10	7
OG1RF_10702	39	46	33
OG1RF_10704	35721	33838	34362
OG1RF_10707	3474	3515	3662
OG1RF_10709	5914	5907	5725
OG1RF_10719	3081	3144	3228
OG1RF_10720	3538	3809	3865
OG1RF_10723	8382	8358	8553
OG1RF_10732	55767	54723	55166
OG1RF_10739	1152	1344	1149
OG1RF_10741	8435	8771	8773
OG1RF_10742	13452	13953	14334
OG1RF_10743	24209	25413	25530
OG1RF_10744	0	0	0
OG1RF_10746	85	117	76
OG1RF_10747	1	12	4
OG1RF_10748	9	3	2
OG1RF_10749	35	41	34
OG1RF_10752	1365	1940	1518
OG1RF_10754	6211	6576	6243
OG1RF_10755	305	260	222
OG1RF_10758	2879	2727	2661
OG1RF_10759	3491	3425	3225
OG1RF_10760	24408	25226	25004
OG1RF_10761	4020	3971	4229
OG1RF_10762	3210	3331	3297
OG1RF_10763	3047	3329	3269
OG1RF_10764	2190	2484	2378
OG1RF_10766	1557	1800	1757
OG1RF_10767	961	970	976
OG1RF_10768	981	935	810
OG1RF_10770	18029	18267	18658
OG1RF_10771	453	491	482
OG1RF_10772	15959	16188	16854
OG1RF_10773	981	1067	1154
OG1RF_10774	4643	4986	5223
OG1RF_10775	4753	4885	5294
OG1RF_10776	4873	4370	4037
OG1RF_10780	30627	29632	29197
OG1RF_10783	31961	31255	31339
OG1RF_10785	75	83	91
OG1RF_10786	86	71	98
OG1RF_10787	24	28	30
OG1RF_10788	56	67	83
OG1RF_10789	625	710	680
OG1RF_10791	9	3	8
OG1RF_10792	43	41	33
OG1RF_10793	1	1	4
OG1RF_10794	8	19	25
OG1RF_10795	6820	6959	7022
OG1RF_10796	2247	2453	2481
OG1RF_10798	20	16	13
OG1RF_10799	30	28	27
OG1RF_10800	427	408	499
OG1RF_10801	271	230	279
OG1RF_10802	58	76	73
OG1RF_10803	85	94	85
OG1RF_10804	7363	7392	7161
OG1RF_10805	283	285	295
OG1RF_10806	146	178	177
OG1RF_10808	2547	2731	2761
OG1RF_10809	495	553	580
OG1RF_10810	1093	1258	1229
OG1RF_10812	47	17	14
OG1RF_10813	22	14	24
OG1RF_10814	205	208	196
OG1RF_10815	3	1	3
OG1RF_10816	1	1	0
OG1RF_10818	1082	1104	1043
OG1RF_10819	691	729	687
OG1RF_10820	1357	1509	1330
OG1RF_10821	36	46	57
OG1RF_10822	311	296	325
OG1RF_10823	30471	29618	30648
OG1RF_10824	31770	30210	31315
OG1RF_10825	716	699	675
OG1RF_10826	3823	3707	3539
OG1RF_10827	12906	12995	12955
OG1RF_10828	6021	5845	5708
OG1RF_10829	3452	3281	3460
OG1RF_10830	5596	6100	6219
OG1RF_10831	85	111	119
OG1RF_10832	7352	7004	7513
OG1RF_10833	317	312	345
OG1RF_10835	993	1036	974
OG1RF_10836	1788	1827	1854
OG1RF_10837	531	547	615
OG1RF_10838	28297	27236	29085
OG1RF_10839	7479	7005	7220
OG1RF_10840	2271	2380	2388
OG1RF_10842	257	229	260
OG1RF_10843	326	381	389
OG1RF_10844	2523	2972	2796
OG1RF_10845	2972	3261	3200
OG1RF_10847	108	127	120
OG1RF_10853	1088	1187	1097
OG1RF_10854	1579	1696	1712
OG1RF_10855	245	248	217
OG1RF_10856	361	357	331
OG1RF_10857	201	173	143
OG1RF_10858	15686	16046	15258
OG1RF_10860	351	367	342
OG1RF_10861	229	251	262
OG1RF_10862	409	494	478
OG1RF_10863	822	713	790
OG1RF_10864	380	395	409
OG1RF_10866	775	734	754
OG1RF_10867	20107	19521	18856
OG1RF_10868	1505	1398	1457
OG1RF_10869	57464	53904	54175
OG1RF_10870	25078	23259	23342
OG1RF_10871	41030	37644	38293
OG1RF_10872	5761	5607	5761
OG1RF_10873	1252	1179	1285
OG1RF_10874	286	316	294
OG1RF_10875	38615	36131	39064
OG1RF_10876	7557	6822	7567
OG1RF_10877	572	477	517
OG1RF_10878	847	921	996
OG1RF_10879	2710	2516	2696
OG1RF_10880	1781	1656	1774
OG1RF_10881	168	247	197
OG1RF_10882	3394	3524	3687
OG1RF_10883	295	283	282
OG1RF_10884	2041	2216	1975
OG1RF_10885	0	0	0
OG1RF_10886	1960	1897	1795
OG1RF_10887	5293	5084	4945
OG1RF_10888	2450	2229	2282
OG1RF_10892	3744	3636	3668
OG1RF_10895	1373	1151	1001
OG1RF_10896	1086	790	818
OG1RF_10897	1317	1088	1067
OG1RF_10898	1092	881	788
OG1RF_10901	7087	7122	7105
OG1RF_10902	640	712	731
OG1RF_10903	366	372	377
OG1RF_10904	34	47	37
OG1RF_10910	2280	2309	2299
OG1RF_10913	11748	12234	11910
OG1RF_10914	1250	1192	1252
OG1RF_10918	6154	6093	5838
OG1RF_10919	21752	21495	20970
OG1RF_10920	19733	20332	20360
OG1RF_10921	7976	8068	8170
OG1RF_10922	9280	9057	9142
OG1RF_10927	2815	3167	3245
OG1RF_10929	20585	20082	19333
OG1RF_10933	3992	4038	3834
OG1RF_10934	10750	10526	10381
OG1RF_10938	98	103	111
OG1RF_10939	118	142	148
OG1RF_10942	5682	5786	5783
OG1RF_10944	7622	7984	8023
OG1RF_10949	750	668	713
OG1RF_10950	80	81	94
OG1RF_10952	4570	4281	3913
OG1RF_10953	6749	6435	6357
OG1RF_10957	72179	71599	73720
OG1RF_10958	13968	14216	14251
OG1RF_10959	10651	10545	10842
OG1RF_10960	19636	19679	20481
OG1RF_10961	12508	12406	13480
OG1RF_10962	38192	37662	38408
OG1RF_10963	79152	78073	78559
OG1RF_10965	13580	13639	13877
OG1RF_10966	41069	41717	42630
OG1RF_10967	29715	29765	29891
OG1RF_10968	16408	16615	17259
OG1RF_10969	24920	25264	25290
OG1RF_10970	2799	3096	3298
OG1RF_10972	3094	3184	3324
OG1RF_10973	2836	2914	3100
OG1RF_10974	7051	7202	7085
OG1RF_10975	19339	20104	19746
OG1RF_10976	12520	13172	12606
OG1RF_10977	28873	29490	29775
OG1RF_10979	181	247	207
OG1RF_10980	0	0	0
OG1RF_10981	1002	1002	926
OG1RF_10982	380	455	374
OG1RF_10984	8299	8264	9015
OG1RF_10987	4833	5167	5403
OG1RF_10988	168	205	192
OG1RF_10989	328	299	287
OG1RF_10990	299	286	284
OG1RF_10991	191	206	220
OG1RF_10992	269	293	304
OG1RF_10993	504	494	510
OG1RF_10996	5580	5629	5534
OG1RF_10997	30337	25012	26097
OG1RF_10998	13446	11120	11734
OG1RF_10999	44594	38374	38128
OG1RF_11000	45034	43980	45732
OG1RF_11001	23470	22877	22712
OG1RF_11002	1241	1341	1316
OG1RF_11003	87	65	62
OG1RF_11004	94	75	54
OG1RF_11005	230	381	214
OG1RF_11006	64	59	86
OG1RF_11007	273	283	281
OG1RF_11008	137	110	131
OG1RF_11010	2764	2788	2965
OG1RF_11011	4680	4632	4667
OG1RF_11012	6209	6246	5821
OG1RF_11013	3345	3644	3617
OG1RF_11015	10844	10687	10347
OG1RF_11016	3436	3471	3518
OG1RF_11017	2985	2894	2734
OG1RF_11018	8280	8075	7899
OG1RF_11020	6611	6591	6488
OG1RF_11021	359	338	352
OG1RF_11022	1276	1253	1262
OG1RF_11023	1547	1560	1481
OG1RF_11024	1523	1628	1566
OG1RF_11025	3365	3241	3374
OG1RF_11026	4279	4284	4555
OG1RF_11027	2278	2266	2086
OG1RF_11028	15426	15581	15351
OG1RF_11029	7739	8017	8122
OG1RF_11031	734	648	796
OG1RF_11032	1056	1004	1271
OG1RF_11033	77924	76776	77387
OG1RF_11034	11022	11268	11709
OG1RF_11036	17558	17816	18035
OG1RF_11037	4984	4938	5187
OG1RF_11038	15370	14966	15166
OG1RF_11039	764	725	753
OG1RF_11045	1387	1347	1314
OG1RF_11046	4068	4413	4309
OG1RF_11047	3643	3776	3601
OG1RF_11048	76	86	81
OG1RF_11049	2403	2246	2551
OG1RF_11050	3187	2984	3318
OG1RF_11051	999	940	988
OG1RF_11052	1356	1303	1413
OG1RF_11053	82	90	101
OG1RF_11054	7248	7086	7648
OG1RF_11055	11877	11771	12701
OG1RF_11056	7777	7785	8335
OG1RF_11057	2303	2162	2531
OG1RF_11058	46020	44339	50196
OG1RF_11059	11385	11211	12238
OG1RF_11060	21113	20079	22746
OG1RF_11061	26238	25207	28208
OG1RF_11062	4640	4507	5031
OG1RF_11066	7319	7070	7531
OG1RF_11067	510	487	521
OG1RF_11068	1030	1009	979
OG1RF_11069	798	779	667
OG1RF_11070	2883	2952	2955
OG1RF_11071	2836	2822	2800
OG1RF_11072	1945	2056	1925
OG1RF_11073	1606	1799	1750
OG1RF_11079	390	368	388
OG1RF_11081	40	29	22
OG1RF_11082	2035	1991	2070
OG1RF_11084	11237	10563	11012
OG1RF_11086	984	1001	918
OG1RF_11087	3919	4270	3948
OG1RF_11089	2524	2442	2624
OG1RF_11090	4524	4795	4561
OG1RF_11091	4149	4426	4204
OG1RF_11092	31826	31764	32955
OG1RF_11093	9278	8944	8731
OG1RF_11094	35260	33531	33332
OG1RF_11095	2875	2977	2740
OG1RF_11096	2047	1991	1801
OG1RF_11097	4682	4867	4824
OG1RF_11098	88711	85732	85512
OG1RF_11099	8831	9097	9096
OG1RF_11101	566	629	605
OG1RF_11102	98	80	87
OG1RF_11103	44	24	34
OG1RF_11104	508	532	542
OG1RF_11106	60	45	49
OG1RF_11107	31	23	25
OG1RF_11108	24	21	26
OG1RF_11109	825	801	867
OG1RF_11110	882	944	1000
OG1RF_11111	230	272	293
OG1RF_11112	192	238	287
OG1RF_11113	288	389	367
OG1RF_11114	313	377	326
OG1RF_11116	15	32	40
OG1RF_11117	42	47	50
OG1RF_11118	37	35	37
OG1RF_11119	13	12	8
OG1RF_11120	45	44	67
OG1RF_11122	48	45	33
OG1RF_11123	121	110	112
OG1RF_11124	87	114	122
OG1RF_11125	132	137	124
OG1RF_11126	129	117	112
OG1RF_11127	128	128	136
OG1RF_11129	254	309	278
OG1RF_11130	3629	3740	3632
OG1RF_11131	6150	7304	6776
OG1RF_11132	2799	2843	2821
OG1RF_11133	544	616	546
OG1RF_11134	547	663	550
OG1RF_11135	677	836	661
OG1RF_11139	605	675	639
OG1RF_11145	1179	1273	1152
OG1RF_11147	1289	1432	1280
OG1RF_11149	3989	4091	3737
OG1RF_11150	3854	4177	4097
OG1RF_11151	14437	14426	14603
OG1RF_11153	19957	19617	20686
OG1RF_11154	22772	22004	23328
OG1RF_11156	4687	4663	4500
OG1RF_11157	900	993	994
OG1RF_11158	17736	18544	19161
OG1RF_11159	6394	6254	6420
OG1RF_11160	19016	18793	18555
OG1RF_11161	17830	17575	17347
OG1RF_11163	7632	7044	7057
OG1RF_11164	17290	16395	16515
OG1RF_11165	37983	35893	37097
OG1RF_11166	3205	2988	3175
OG1RF_11168	17230	16781	16662
OG1RF_11169	24129	23263	23602
OG1RF_11171	2201	2101	2025
OG1RF_11172	12657	12149	12337
OG1RF_11173	335	309	329
OG1RF_11174	172	187	222
OG1RF_11175	73	93	75
OG1RF_11176	62	83	58
OG1RF_11179	738	799	744
OG1RF_11180	543	603	561
OG1RF_11183	40	75	58
OG1RF_11185	153	202	161
OG1RF_11188	732	807	782
OG1RF_11190	8365	8080	8248
OG1RF_11195	81	98	74
OG1RF_11196	15657	15179	15781
OG1RF_11197	28956	28421	29795
OG1RF_11198	1974	2096	2040
OG1RF_11200	7770	7500	7144
OG1RF_11202	9455	9197	9525
OG1RF_11205	651	607	551
OG1RF_11207	7549	6841	7214
OG1RF_11216	8882	8624	8452
OG1RF_11218	994	1051	1038
OG1RF_11219	11401	10779	10912
OG1RF_11222	7021	7390	7375
OG1RF_11223	160	196	218
OG1RF_11224	1087	1140	972
OG1RF_11225	1008	1053	978
OG1RF_11228	363	475	473
OG1RF_11229	451	418	453
OG1RF_11232	76	103	91
OG1RF_11233	18	23	15
OG1RF_11235	8	20	13
OG1RF_11236	61	58	74
OG1RF_11238	1	0	0
OG1RF_11239	2647	2935	2998
OG1RF_11240	82426	79851	82497
OG1RF_11243	35808	35095	35163
OG1RF_11244	17513	17202	16977
OG1RF_11248	150	161	160
OG1RF_11249	956	1132	1076
OG1RF_11250	141	124	143
OG1RF_11251	12	13	11
OG1RF_11252	1427	1270	1160
OG1RF_11254	4017	4205	4231
OG1RF_11255	12086	12793	12814
OG1RF_11260	5339	5043	4814
OG1RF_11261	11460	11599	11544
OG1RF_11263	5577	5719	6078
OG1RF_11265	19994	19441	19220
OG1RF_11270	8578	8730	8512
OG1RF_11271	18901	19177	18887
OG1RF_11272	8056	8164	8011
OG1RF_11273	8182	8374	8606
OG1RF_11277	4420	4440	4367
OG1RF_11278	19420	18835	18155
OG1RF_11279	28	33	27
OG1RF_11289	44817	43696	43225
OG1RF_11290	954	933	930
OG1RF_11291	4743	4824	4658
OG1RF_11292	3358	3233	3360
OG1RF_11293	30923	29759	29624
OG1RF_11294	17143	17595	16787
OG1RF_11297	15531	15522	15475
OG1RF_11299	3042	3099	3026
OG1RF_11301	6578	6263	5907
OG1RF_11304	12479	12130	12090
OG1RF_11306	1711	1939	2025
OG1RF_11307	134	178	160
OG1RF_11308	5762	6205	5751
OG1RF_11309	661	727	646
OG1RF_11310	848	917	939
OG1RF_11311	1050	1095	1103
OG1RF_11312	1034	1197	1023
OG1RF_11313	10706	10854	10811
OG1RF_11316	5110	4989	5072
OG1RF_11321	91	73	62
OG1RF_11325	2224	2230	2154
OG1RF_11326	14540	14113	14207
OG1RF_11332	6682	6879	6621
OG1RF_11336	154	170	118
OG1RF_11338	154	137	106
OG1RF_11340	683	511	449
OG1RF_11341	278	250	184
OG1RF_11346	12091	10524	10130
OG1RF_11347	3716	3111	3075
OG1RF_11350	525	390	427
OG1RF_11352	4243	4121	3758
OG1RF_11353	5686	4833	4967
OG1RF_11354	6635	5877	5655
OG1RF_11356	20138	20532	20206
OG1RF_11363	3073	3051	3158
OG1RF_11368	116	124	134
OG1RF_11369	189	249	196
OG1RF_11376	4666	4922	5130
OG1RF_11377	1029	1075	1224
OG1RF_11378	68	80	73
OG1RF_11379	4962	4838	5125
OG1RF_11380	149	119	104
OG1RF_11381	450	447	461
OG1RF_11382	287	273	256
OG1RF_11384	3252	3200	3059
OG1RF_11385	1040	914	855
OG1RF_11386	13	11	13
OG1RF_11387	2589	2731	2549
OG1RF_11388	1839	1904	1862
OG1RF_11389	475	400	434
OG1RF_11390	1524	1503	1343
OG1RF_11392	15124	15706	15541
OG1RF_11393	2801	2709	2646
OG1RF_11395	6675	6723	7020
OG1RF_11396	7180	6960	7292
OG1RF_11397	23627	22817	23051
OG1RF_11399	568	517	432
OG1RF_11402	8100	7950	8167
OG1RF_11403	15527	15677	15949
OG1RF_11405	7482	7534	7261
OG1RF_11406	20131	20016	19532
OG1RF_11408	5246	4946	5580
OG1RF_11409	5269	5151	5164
OG1RF_11410	1174	1177	1254
OG1RF_11412	3445	3275	3517
OG1RF_11413	2950	2850	2873
OG1RF_11415	17258	16449	16716
OG1RF_11418	4697	4697	4522
OG1RF_11419	1575	1573	1473
OG1RF_11420	8054	7980	7623
OG1RF_11421	5766	6007	6165
OG1RF_11435	9271	9586	9316
OG1RF_11446	3478	3594	3451
OG1RF_11447	6719	6680	6571
OG1RF_11448	154	158	185
OG1RF_11451	608	609	679
OG1RF_11455	17619	16737	17420
OG1RF_11456	10914	11061	11203
OG1RF_11461	1544	1442	1499
OG1RF_11462	9867	9393	9027
OG1RF_11463	9267	8458	8225
OG1RF_11464	50618	45893	41955
OG1RF_11471	0	0	0
OG1RF_11475	283	244	296
OG1RF_11480	1465	1486	1596
OG1RF_11482	849	801	746
OG1RF_11483	8161	8091	8066
OG1RF_11486	7415	7453	7180
OG1RF_11487	5703	5607	5849
OG1RF_11488	1030	982	962
OG1RF_11500	6566	6737	6657
OG1RF_11501	2447	2755	2612
OG1RF_11503	130	124	131
OG1RF_11505	1648	1718	1543
OG1RF_11506	2461	2551	2386
OG1RF_11507	5082	5001	4934
OG1RF_11508	9570	9676	10150
OG1RF_11509	1398	1421	1364
OG1RF_11510	63	67	77
OG1RF_11511	171	143	193
OG1RF_11512	143	149	107
OG1RF_11518	607	521	544
OG1RF_11521	1649	1797	1680
OG1RF_11522	825	812	759
OG1RF_11523	4089	3846	4099
OG1RF_11524	5570	5382	5488
OG1RF_11531	517	501	491
OG1RF_11532	2726	2476	2512
OG1RF_11534	677	569	702
OG1RF_11535	342	363	335
OG1RF_11536	197	168	178
OG1RF_11537	1188	1157	1214
OG1RF_11538	443	480	532
OG1RF_11539	6131	5547	5544
OG1RF_11540	1270	1285	1316
OG1RF_11542	704	724	752
OG1RF_11545	132	100	147
OG1RF_11546	45	35	74
OG1RF_11547	131	150	134
OG1RF_11549	89	59	88
OG1RF_11550	59	65	53
OG1RF_11551	13	5	13
OG1RF_11552	11	5	8
OG1RF_11553	0	0	0
OG1RF_11554	125	145	149
OG1RF_11557	28	46	30
OG1RF_11558	22	24	13
OG1RF_11559	396	456	418
OG1RF_11561	1472	1488	1517
OG1RF_11562	494	477	430
OG1RF_11563	101	98	110
OG1RF_11567	17053	17549	17541
OG1RF_11568	1494	1607	1626
OG1RF_11569	5440	5473	5438
OG1RF_11570	8549	8176	7980
OG1RF_11571	22523	23376	23954
OG1RF_11572	16159	16340	16239
OG1RF_11574	20532	21285	21230
OG1RF_11575	5725	5644	5608
OG1RF_11576	10608	10263	10375
OG1RF_11577	2293	2072	2036
OG1RF_11578	1321	1306	1236
OG1RF_11579	435	308	308
OG1RF_11582	11862	11780	11993
OG1RF_11583	398	460	451
OG1RF_11584	813	1020	866
OG1RF_11585	748	845	733
OG1RF_11586	8022	7997	8057
OG1RF_11587	2829	2926	2997
OG1RF_11588	9198	9364	9297
OG1RF_11589	5429	5734	5448
OG1RF_11593	8300	8026	8356
OG1RF_11594	5827	5569	5754
OG1RF_11595	675	721	781
OG1RF_11596	941	792	817
OG1RF_11599	9226	10088	9573
OG1RF_11600	11580	11752	11344
OG1RF_11601	1520	1433	1632
OG1RF_11602	98228	93058	98294
OG1RF_11603	647	626	688
OG1RF_11604	1518	1532	1625
OG1RF_11605	2802	2806	2635
OG1RF_11606	15178	15783	16223
OG1RF_11607	21245	21520	22454
OG1RF_11608	488	619	479
OG1RF_11609	635	703	646
OG1RF_11610	679	780	701
OG1RF_11611	183	229	217
OG1RF_11612	98	85	84
OG1RF_11613	36	56	49
OG1RF_11614	38	50	40
OG1RF_11616	21	22	21
OG1RF_11617	2679	2689	2703
OG1RF_11618	4977	4627	4203
OG1RF_11619	3323	3646	3658
OG1RF_11620	1	9	3
OG1RF_11621	28819	30651	30937
OG1RF_11628	8287	8771	9139
OG1RF_11630	5167	5082	4936
OG1RF_11631	9672	9179	8888
OG1RF_11634	1468	1349	1376
OG1RF_11637	10152	9703	9876
OG1RF_11639	4428	4263	4464
OG1RF_11640	5597	5682	5744
OG1RF_11642	1083	1080	1068
OG1RF_11643	3493	3618	3360
OG1RF_11645	27277	27306	27752
OG1RF_11646	6	9	11
OG1RF_11648	21	18	18
OG1RF_11649	130	165	134
OG1RF_11653	14182	14227	13985
OG1RF_11654	14	16	26
OG1RF_11655	19777	19615	20310
OG1RF_11656	12051	12673	13246
OG1RF_11657	3589	3787	3855
OG1RF_11658	8624	8733	9010
OG1RF_11659	62830	61684	61682
OG1RF_11662	18225	17222	17757
OG1RF_11663	57857	56264	57625
OG1RF_11664	48369	47060	47893
OG1RF_11667	10173	10134	10208
OG1RF_11669	3514	3567	3323
OG1RF_11670	3192	3404	3226
OG1RF_11671	1180	1134	1135
OG1RF_11672	4234	4542	4488
OG1RF_11674	5858	5902	5753
OG1RF_11677	7581	7686	7990
OG1RF_11678	9201	8680	9618
OG1RF_11679	15007	14695	15006
OG1RF_11680	9613	9109	9179
OG1RF_11682	170	147	163
OG1RF_11683	172	131	128
OG1RF_11684	173	164	128
OG1RF_11685	171	147	102
OG1RF_11686	12634	13374	13514
OG1RF_11688	268	318	300
OG1RF_11689	10008	10496	10378
OG1RF_11690	3552	3598	3410
OG1RF_11691	21662	21952	22154
OG1RF_11693	16040	16141	15346
OG1RF_11694	35510	34404	31885
OG1RF_11695	16977	17283	16109
OG1RF_11697	38797	37034	37514
OG1RF_11698	26329	25980	26465
OG1RF_11700	20820	20595	22306
OG1RF_11706	24540	24363	24628
OG1RF_11708	27	30	16
OG1RF_11709	48478	48044	49091
OG1RF_11710	40462	42108	43134
OG1RF_11711	33466	34295	34682
OG1RF_11713	26589	27284	27862
OG1RF_11714	23258	23293	23382
OG1RF_11715	16128	16041	16061
OG1RF_11717	81	81	74
OG1RF_11718	27983	27398	26525
OG1RF_11720	9321	9202	9599
OG1RF_11721	66465	67736	69380
OG1RF_11722	57287	57497	58811
OG1RF_11723	92121	91774	92867
OG1RF_11724	116542	116235	118072
OG1RF_11725	149923	150202	149299
OG1RF_11726	38538	38734	39375
OG1RF_11727	14197	14456	14678
OG1RF_11728	2528	2606	2489
OG1RF_11729	5571	5602	5741
OG1RF_11730	20110	19785	20054
OG1RF_11735	11556	11629	11210
OG1RF_11736	10386	10447	10250
OG1RF_11737	10121	10078	10071
OG1RF_11741	7085	6952	6548
OG1RF_11742	1286	1361	1237
OG1RF_11743	8578	8996	8580
OG1RF_11745	562	656	560
OG1RF_11746	1625	1747	1632
OG1RF_11747	7084	6554	6757
OG1RF_11749	9086	9700	9368
OG1RF_11750	8646	9081	9047
OG1RF_11751	3771	3715	3661
OG1RF_11752	16501	15924	15953
OG1RF_11755	1483	1512	1509
OG1RF_11756	6264	6101	6179
OG1RF_11758	10066	9958	10333
OG1RF_11759	8870	8702	8989
OG1RF_11760	1157	1286	1205
OG1RF_11761	1739	2248	1752
OG1RF_11762	576	817	512
OG1RF_11763	546	854	449
OG1RF_11764	4581	4628	4712
OG1RF_11765	3529	3505	3508
OG1RF_11766	887	784	821
OG1RF_11767	1092	1110	1065
OG1RF_11769	1110	1069	1223
OG1RF_11770	276	254	279
OG1RF_11771	77	98	93
OG1RF_11772	128	205	158
OG1RF_11773	95	139	108
OG1RF_11774	176	214	210
OG1RF_11775	240	251	231
OG1RF_11776	259	293	239
OG1RF_11777	24	25	23
OG1RF_11778	8379	8667	8360
OG1RF_11779	1034	1185	1042
OG1RF_11780	75	66	73
OG1RF_11781	465	458	502
OG1RF_11789	6336	6510	6127
OG1RF_11791	22937	23562	23584
OG1RF_11792	8322	8583	8682
OG1RF_11794	130	147	125
OG1RF_11799	11955	11693	11900
OG1RF_11800	11047	11151	11027
OG1RF_11801	996	1072	1107
OG1RF_11802	8578	8322	8324
OG1RF_11804	10363	10126	10286
OG1RF_11807	13677	13588	13993
OG1RF_11809	970	1112	1064
OG1RF_11810	42557	44912	44861
OG1RF_11812	150	106	130
OG1RF_11813	63	41	50
OG1RF_11814	460	453	453
OG1RF_11815	104	76	98
OG1RF_11816	21	13	14
OG1RF_11817	65	71	63
OG1RF_11821	123	108	119
OG1RF_11822	11343	11407	11421
OG1RF_11823	4085	4029	4174
OG1RF_11824	3	0	0
OG1RF_11826	4482	4260	4033
OG1RF_11834	3525	3390	3487
OG1RF_11835	7349	7333	7618
OG1RF_11837	30396	30585	30943
OG1RF_11838	1819	1684	1620
OG1RF_11844	9582	9349	9445
OG1RF_11845	51428	49538	51150
OG1RF_11847	61873	61338	62259
OG1RF_11850	7440	7070	7654
OG1RF_11855	18465	19613	18635
OG1RF_11857	7078	7201	7199
OG1RF_11858	4856	5423	5267
OG1RF_11859	926	854	983
OG1RF_11861	1415	1382	1481
OG1RF_11863	12702	12752	12735
OG1RF_11864	12048	12360	12332
OG1RF_11865	3704	4002	3776
OG1RF_11868	390	453	399
OG1RF_11869	6925	7727	7283
OG1RF_11871	3178	2651	2701
OG1RF_11872	1341	1091	1084
OG1RF_11873	3496	3050	3024
OG1RF_11875	6617	6323	6314
OG1RF_11881	32	40	43
OG1RF_11882	17703	17292	17839
OG1RF_11884	8107	7684	7889
OG1RF_11885	8412	8655	8320
OG1RF_11886	8328	8470	8554
OG1RF_11887	37051	36562	36371
OG1RF_11890	2871	2942	2909
OG1RF_11894	2997	2996	3055
OG1RF_11895	2091	2141	2078
OG1RF_11896	1327	1262	1370
OG1RF_11897	69	77	77
OG1RF_11899	26	28	21
OG1RF_11900	1422	1266	1273
OG1RF_11901	18981	18431	18763
OG1RF_11907	26530	27055	26807
OG1RF_11908	17425	17067	16976
OG1RF_11909	9582	8985	9722
OG1RF_11910	6080	6091	6294
OG1RF_11911	742	799	852
OG1RF_11912	1307	1249	1196
OG1RF_11913	1806	1891	1860
OG1RF_11922	7021	6880	7099
OG1RF_11923	2625	2653	2755
OG1RF_11924	36844	37058	37255
OG1RF_11925	22718	22675	22615
OG1RF_11926	6781	6771	6808
OG1RF_11929	1064	975	1022
OG1RF_11930	4729	4709	4406
OG1RF_11933	23157	22286	21990
OG1RF_11937	33	32	15
OG1RF_11938	172341	174963	173682
OG1RF_11942	251	230	261
OG1RF_11943	89	87	58
OG1RF_11944	111	120	111
OG1RF_11946	57	26	38
OG1RF_11949	335	339	271
OG1RF_11951	2112	2211	2045
OG1RF_11952	2052	2061	1943
OG1RF_11953	457	502	454
OG1RF_11954	3175	3235	3241
OG1RF_11955	86	83	88
OG1RF_11963	7537	7797	8218
OG1RF_11965	10933	11883	11780
OG1RF_11967	19889	19683	19896
OG1RF_11970	29497	29218	29017
OG1RF_11971	6848	6425	6737
OG1RF_11972	5173	4790	5020
OG1RF_11973	1348	1197	1324
OG1RF_11978	9	16	16
OG1RF_11979	16353	15936	16058
OG1RF_11980	17792	18052	17952
OG1RF_11981	4528	4502	4455
OG1RF_11982	1026	1316	1254
OG1RF_11984	497	507	494
OG1RF_11997	2716	2917	2919
OG1RF_11998	4221	4406	4445
OG1RF_11999	20179	21859	22690
OG1RF_12001	29593	28775	29109
OG1RF_12004	307	250	243
OG1RF_12005	127	173	122
OG1RF_12008	634	701	743
OG1RF_12009	8357	8581	9118
OG1RF_12010	18785	19476	19927
OG1RF_12011	25485	25797	27137
OG1RF_12012	8268	8744	8967
OG1RF_12014	3021	3139	3448
OG1RF_12015	2308	2367	2227
OG1RF_12016	10301	10314	9999
OG1RF_12017	2661	2681	2793
OG1RF_12019	266	284	255
OG1RF_12020	47355	45476	47588
OG1RF_12025	1500	1582	1356
OG1RF_12026	7648	7750	7495
OG1RF_12029	4802	4793	5107
OG1RF_12031	12878	13013	12825
OG1RF_12032	7962	8092	7943
OG1RF_12033	35933	39262	39957
OG1RF_12035	6536	6602	6415
OG1RF_12036	5602	5714	5490
OG1RF_12043	3072	3036	3141
OG1RF_12045	569	533	557
OG1RF_12050	1684	1609	1672
OG1RF_12051	88	88	92
OG1RF_12052	188	168	183
OG1RF_12053	156	117	156
OG1RF_12054	39	34	33
OG1RF_12055	365	360	421
OG1RF_12056	18706	18257	19094
OG1RF_12057	62533	62278	64277
OG1RF_12060	5666	5776	5938
OG1RF_12061	3583	4003	3985
OG1RF_12064	3316	3200	3247
OG1RF_12066	8753	8531	8447
OG1RF_12067	28148	28232	26597
OG1RF_12068	10564	10454	10920
OG1RF_12069	8009	7969	7991
OG1RF_12070	2703	2890	2741
OG1RF_12071	5101	5028	5042
OG1RF_12075	9465	9703	9344
OG1RF_12077	49	62	72
OG1RF_12078	1199	1250	1165
OG1RF_12079	6860	7180	7123
OG1RF_12084	11150	10151	11489
OG1RF_12087	238	254	275
OG1RF_12090	669	727	684
OG1RF_12091	9026	8501	8886
OG1RF_12095	14175	14089	14339
OG1RF_12096	28851	29994	30424
OG1RF_12098	4484	4479	4400
OG1RF_12100	8362	8473	8425
OG1RF_12101	516	570	590
OG1RF_12104	13891	13924	14387
OG1RF_12106	23886	22966	22842
OG1RF_12107	14353	14932	15519
OG1RF_12113	12204	13063	13350
OG1RF_12114	2206	2368	2461
OG1RF_12118	7919	7954	7937
OG1RF_12119	5457	5401	5760
OG1RF_12120	6875	7054	6998
OG1RF_12124	6470	6636	6573
OG1RF_12128	1135	1257	1255
OG1RF_12129	2993	3155	3212
OG1RF_12130	965	1187	1132
OG1RF_12131	737	807	899
OG1RF_12133	1108	1118	1025
OG1RF_12134	5311	5091	4815
OG1RF_12139	3971	4302	4040
OG1RF_12141	22186	21923	22262
OG1RF_12143	960	1020	871
OG1RF_12144	23089	22186	22426
OG1RF_12145	2965	3071	2977
OG1RF_12146	6665	6667	6517
OG1RF_12148	3861	3926	3631
OG1RF_12149	8800	9039	9149
OG1RF_12151	1369	1476	1354
OG1RF_12152	30291	31441	30716
OG1RF_12153	12328	12465	12625
OG1RF_12154	11848	11764	12427
OG1RF_12155	2325	2648	2531
OG1RF_12156	3314	3202	3037
OG1RF_12160	422	486	439
OG1RF_12164	19125	20873	20080
OG1RF_12166	982	1150	1057
OG1RF_12168	5439	5502	5501
OG1RF_12170	17605	17819	17852
OG1RF_12171	22044	21928	22429
OG1RF_12172	1299	1269	1254
OG1RF_12173	15988	16169	15890
OG1RF_12175	5094	4988	5096
OG1RF_12189	27946	30452	32163
OG1RF_12190	4611	4649	4442
OG1RF_12192	33187	33852	33040
OG1RF_12193	16816	16609	16725
OG1RF_12194	0	0	0
OG1RF_12195	10993	10820	10758
OG1RF_12197	10799	10365	10505
OG1RF_12198	124	68	93
OG1RF_12201	11534	11424	11247
OG1RF_12202	16112	15787	16123
OG1RF_12203	40518	38607	39497
OG1RF_12204	26004	25814	26418
OG1RF_12205	11282	11607	12051
OG1RF_12206	13575	13258	13867
OG1RF_12207	21903	21226	22018
OG1RF_12208	21208	22001	22260
OG1RF_12209	4947	5038	4849
OG1RF_12211	10350	10269	9687
OG1RF_12213	8612	8280	7988
OG1RF_12218	2273	2215	2221
OG1RF_12219	36	35	33
OG1RF_12221	28301	28862	28518
OG1RF_12222	677	815	833
OG1RF_12223	2352	2239	2326
OG1RF_12224	76306	75035	76451
OG1RF_12227	12698	12519	12411
OG1RF_12229	15066	16419	16489
OG1RF_12230	3988	4543	4641
OG1RF_12233	19443	17592	16927
OG1RF_12235	562	506	510
OG1RF_12236	145	173	171
OG1RF_12238	22647	21858	21094
OG1RF_12241	1525	1519	1441
OG1RF_12242	3446	3634	3568
OG1RF_12245	7544	7900	7618
OG1RF_12246	2381	2506	2498
OG1RF_12249	2025	2239	1999
OG1RF_12250	27	45	47
OG1RF_12251	136	170	136
OG1RF_12252	331	306	291
OG1RF_12253	1057	1150	1233
OG1RF_12254	10208	10102	10463
OG1RF_12257	161	159	173
OG1RF_12258	252	304	251
OG1RF_12259	271	305	266
OG1RF_12260	162	182	162
OG1RF_12261	51	46	42
OG1RF_12262	27	22	19
OG1RF_12263	297	223	246
OG1RF_12264	4223	4305	4232
OG1RF_12266	198	141	133
OG1RF_12267	1541	1690	1819
OG1RF_12268	568	647	641
OG1RF_12269	1245	1309	1328
OG1RF_12270	197	209	204
OG1RF_12272	129	116	103
OG1RF_12273	1196	1239	1201
OG1RF_12274	98	99	72
OG1RF_12276	4728	5064	5002
OG1RF_12277	913	964	998
OG1RF_12280	42	46	43
OG1RF_12281	3321	3573	3419
OG1RF_12282	1321	1404	1440
OG1RF_12283	2692	2696	2684
OG1RF_12284	27702	27525	27478
OG1RF_12286	3673	3592	3630
OG1RF_12287	6426	6611	6598
OG1RF_12288	145	143	122
OG1RF_12289	72	75	76
OG1RF_12291	353	398	362
OG1RF_12292	208	164	189
OG1RF_12293	5716	6157	6310
OG1RF_12296	2971	2908	2945
OG1RF_12298	16107	16098	15397
OG1RF_12299	937	896	904
OG1RF_12300	238	266	253
OG1RF_12301	1263	1313	1275
OG1RF_12302	4236	4429	4080
OG1RF_12303	1627	1867	1698
OG1RF_12304	4740	4537	4750
OG1RF_12306	13947	14287	13527
OG1RF_12307	12115	12523	12284
OG1RF_12308	5328	5313	5324
OG1RF_12310	8022	7909	7587
OG1RF_12312	414	408	359
OG1RF_12313	247	291	244
OG1RF_12315	20	34	18
OG1RF_12317	60	81	83
OG1RF_12318	476	480	478
OG1RF_12319	408	406	422
OG1RF_12320	2549	2775	2664
OG1RF_12322	4679	5372	5161
OG1RF_12323	4739	4653	4306
OG1RF_12324	4484	4501	4568
OG1RF_12325	4080	4123	4346
OG1RF_12326	6517	6626	6788
OG1RF_12328	2271	2394	2094
OG1RF_12330	3101	3242	3151
OG1RF_12331	10674	12334	12068
OG1RF_12337	11918	11416	11521
OG1RF_12338	4014	4061	4171
OG1RF_12339	29900	30228	31614
OG1RF_12341	1015	999	1058
OG1RF_12343	8036	7968	8081
OG1RF_12344	0	7	0
OG1RF_12345	6555	6854	6847
OG1RF_12346	254	207	202
OG1RF_12347	5000	5525	5356
OG1RF_12348	4423	5077	4786
OG1RF_12350	841	815	952
OG1RF_12351	1106	984	875
OG1RF_12352	651	563	546
OG1RF_12353	884	798	863
OG1RF_12354	1503	1372	1381
OG1RF_12355	2957	3301	3138
OG1RF_12356	332	338	316
OG1RF_12359	14126	14342	14205
OG1RF_12361	3983	3830	4094
OG1RF_12363	16088	15333	15996
OG1RF_12366	11205	10245	10148
OG1RF_12367	3381	2967	3177
OG1RF_12368	3298	3078	3153
OG1RF_12369	3275	2962	3264
OG1RF_12370	3603	3543	3577
OG1RF_12374	102642	102214	102262
OG1RF_12376	798	691	746
OG1RF_12377	1139	1218	1200
OG1RF_12378	468	495	482
OG1RF_12379	249	275	266
OG1RF_12384	84119	83389	82788
OG1RF_12392	31499	32052	31955
OG1RF_12393	9091	8738	8015
OG1RF_12394	10280	10005	10256
OG1RF_12395	748	705	737
OG1RF_12396	2130	2262	2298
OG1RF_12404	180	231	139
OG1RF_12406	2929	2955	2900
OG1RF_12407	1017	1067	1173
OG1RF_12408	3692	3918	3889
OG1RF_12409	576	606	675
OG1RF_12411	1016	973	1039
OG1RF_12412	241	264	290
OG1RF_12413	447	450	524
OG1RF_12414	3844	3640	3842
OG1RF_12415	621	550	553
OG1RF_12416	109	97	116
OG1RF_12417	25247	25337	24909
OG1RF_12418	20723	20876	20845
OG1RF_12421	1019	1168	1150
OG1RF_12422	862	995	957
OG1RF_12424	10	5	14
OG1RF_12427	307	269	214
OG1RF_12428	2489	2563	2234
OG1RF_12429	28	63	47
OG1RF_12430	1	1	0
OG1RF_12436	2115	2089	2107
OG1RF_12437	18028	17195	17824
OG1RF_12441	52117	51523	50342
OG1RF_12442	1263	1486	1396
OG1RF_12443	2239	2433	2549
OG1RF_12444	2817	3237	3144
OG1RF_12445	6114	6314	6584
OG1RF_12447	1055	1060	1130
OG1RF_12448	423	399	449
OG1RF_12449	6634	6686	6961
OG1RF_12450	1627	1666	1751
OG1RF_12451	2682	2423	2471
OG1RF_12453	2939	2744	2786
OG1RF_12455	320	271	284
OG1RF_12456	15910	15319	16518
OG1RF_12457	0	0	0
OG1RF_12458	5984	6711	6622
OG1RF_12464	1764	2031	2066
OG1RF_12465	506	613	633
OG1RF_12466	516	645	647
OG1RF_12467	627	708	670
OG1RF_12470	1018	859	816
OG1RF_12471	4	4	2
OG1RF_12472	1531	1252	1299
OG1RF_12473	8282	7908	8072
OG1RF_12474	7115	6867	6893
OG1RF_12475	6491	6122	6352
OG1RF_12476	173	138	159
OG1RF_12477	214	168	144
OG1RF_12478	358	353	353
OG1RF_12479	395	398	364
OG1RF_12480	6288	6119	6207
OG1RF_12481	8520	7525	8528
OG1RF_12482	0	0	0
OG1RF_12483	0	0	0
OG1RF_12484	5756	5800	5761
OG1RF_12485	63364	66139	67253
OG1RF_12489	3579	3840	3741
OG1RF_12496	1900	1913	1639
OG1RF_12497	112	121	115
OG1RF_12499	4821	5033	5111
OG1RF_12500	3680	3549	3639
OG1RF_12501	16	25	15
OG1RF_12502	3550	3679	3664
OG1RF_12503	2283	2493	2408
OG1RF_12505	15896	15867	16505
OG1RF_12506	978	899	818
OG1RF_12508	33819	32855	31188
OG1RF_12509	147836	144882	142386
OG1RF_12511	3655	3680	3629
OG1RF_12512	6726	6987	6861
OG1RF_12520	1567	1637	1578
OG1RF_12521	4857	5091	4967
OG1RF_12522	3029	3333	3215
OG1RF_12523	1118	1153	1211
OG1RF_12524	469	464	547
OG1RF_12525	681	689	667
OG1RF_12526	24837	25344	24967
OG1RF_12527	22222	22678	22408
OG1RF_12528	10671	11109	10849
OG1RF_12529	8854	9283	8919
OG1RF_12533	555	479	549
OG1RF_12534	1865	1954	1915
OG1RF_12535	7890	8167	8178
OG1RF_12536	13998	14448	14745
OG1RF_12539	18585	19245	18573
OG1RF_12540	23603	23890	23464
OG1RF_12542	856	889	909
OG1RF_12546	7671	7674	7603
OG1RF_12548	2	0	0
OG1RF_12550	121	146	111
OG1RF_12552	153	141	178
OG1RF_12555	127	128	133
OG1RF_12558	2397	2292	2256
OG1RF_12559	0	0	0
OG1RF_12568	136	113	137
OG1RF_12570	1875	1571	1481
OG1RF_12571	1460	1276	1225
OG1RF_12572	2401	2614	2239
OG1RF_12573	3230	3521	3301
OG1RF_12574	8109	8388	8376
OG1RF_12575	23738	23282	23731
OG1RF_12579	0	5	1
OG1RF_12556	40453	39250	39106
OG1RF_12545	12421	12447	12299
OG1RF_11146	5228	5832	5218
OG1RF_12403	143	214	126
OG1RF_12147	26298	25855	25729
OG1RF_11696	56911	56589	56913
OG1RF_11692	61717	52871	51100
OG1RF_10055	32362	30725	29447
OG1RF_11701	66528	55759	52533
OG1RF_10496	80690	75168	74153
OG1RF_11702	14863	12612	11404
OG1RF_10247	1519	1452	1496
OG1RF_10397	11948	12163	11961
OG1RF_10480	2260	2438	2202
OG1RF_10597	538	526	546
OG1RF_10917	5368	5183	5179
OG1RF_11754	635	667	661
OG1RF_12360	4669	4704	4837
OG1RF_11548	55	84	46
OG1RF_11590	353	398	394
OG1RF_11592	365	383	362
OG1RF_11591	820	887	907
OG1RF_11705	5312	5444	5612
OG1RF_11941	460	501	443
OG1RF_10042	80706	77604	77328
OG1RF_12018	173	224	198
OG1RF_12191	11262	11466	11091
OG1RF_11932	44399	44262	44547
OG1RF_11840	20360	18132	17962
OG1RF_11839	70045	63978	63234
OG1RF_11974	2421	2522	2517
OG1RF_12391	39007	39101	39509
OG1RF_10782	101559	100001	100492
OG1RF_12405	117	167	113
OG1RF_12490	7122	7634	7301
OG1RF_12519	19696	20489	19142
OG1RF_10141	99739	95737	95368
OG1RF_12034	5623	6199	6185
OG1RF_11458	44058	43830	43863
OG1RF_12214	24753	24713	24262
OG1RF_12006	75539	71366	64870
OG1RF_12007	5853	5434	4831
OG1RF_11077	23779	22323	21866
OG1RF_12357	35592	35729	36238
OG1RF_11519	157	177	176
OG1RF_11520	113	151	132
OG1RF_10807	277	331	323
OG1RF_12002	3787	3957	3862
OG1RF_10115	101829	103312	103658
OG1RF_12538	40747	44558	42979
OG1RF_11860	3574	3479	3529
OG1RF_11862	1603	1604	1649
OG1RF_10006	104221	100856	101176
OG1RF_11330	107822	103514	105293
OG1RF_10005	52484	50983	51537
OG1RF_11075	7771	7534	7665
OG1RF_12513	22986	22724	22986
OG1RF_12434	41645	41069	40305
OG1RF_11703	18028	18304	18111
OG1RF_10912	4538	4607	4571
OG1RF_11681	1745	1796	1936
OG1RF_11633	34612	32268	32818
OG1RF_10425	4132	4036	4002
OG1RF_10716	19153	18767	18444
OG1RF_11398	5909	6306	6400
OG1RF_12491	79	71	90
OG1RF_11877	8252	8593	8548
OG1RF_12123	22315	21911	22315
OG1RF_11853	27579	28253	28688
OG1RF_10790	524	590	641
OG1RF_11460	16565	16591	16986
OG1RF_10208	12976	13096	13008
OG1RF_11076	48122	47063	44250
OG1RF_10210	16276	17241	16771
OG1RF_11358	27778	28084	27475
OG1RF_11359	8519	8487	8494
OG1RF_12305	8834	9051	9315
OG1RF_11269	39203	37895	35925
OG1RF_10081	10	9	9
OG1RF_11960	322	308	279
OG1RF_10313	513	527	631
OG1RF_10736	122297	115296	118091
OG1RF_11504	17702	18377	18179
OG1RF_10173	9900	9556	9937
OG1RF_11043	134202	133711	132258
OG1RF_10641	53415	50690	49045
OG1RF_11785	411	420	412
OG1RF_11786	152	149	130
OG1RF_11788	263	257	247
OG1RF_11787	233	247	207
OG1RF_11782	73	76	69
OG1RF_11783	40	39	55
OG1RF_11784	28	24	37
OG1RF_10258	11314	10990	10579
OG1RF_11675	12613	12673	12338
OG1RF_10715	17816	17602	17189
OG1RF_10050	7717	7760	7521
OG1RF_10041	9671	9504	9666
OG1RF_11314	8188	9168	9226
OG1RF_10312	411	459	402
OG1RF_10663	12858	13193	13135
OG1RF_12210	13484	13868	13319
OG1RF_11556	88	107	96
OG1RF_11555	127	126	129
OG1RF_11515	1281	1186	1121
OG1RF_10434	160	153	130
OG1RF_11516	1165	1088	1021
OG1RF_10751	123	156	115
OG1RF_10456	1029	1138	1247
OG1RF_11560	3522	3442	3603
EBG00001209382	0	0	0
OG1RF_10199	124171	122052	124746
OG1RF_10373	984	899	834
OG1RF_11790	60661	59893	59844
OG1RF_10889	8752	8411	9128
OG1RF_12342	4691	4819	4873
OG1RF_10534	124122	122683	121327
OG1RF_11513	79	56	43
OG1RF_10017	22942	22902	21672
OG1RF_11298	11876	12016	12357
OG1RF_11459	10946	11096	11514
OG1RF_12212	14900	14953	14248
OG1RF_11719	642	637	598
OG1RF_11199	1197	1282	1068
OG1RF_10213	1156	1507	1345
OG1RF_11977	9499	9643	9199
OG1RF_10459	53787	53170	52087
OG1RF_12049	9433	9425	9446
OG1RF_10307	17481	17782	17579
OG1RF_11144	31764	37147	37441
OG1RF_11373	9	13	9
OG1RF_10381	3165	3275	3359
OG1RF_12105	28406	27928	28303
OG1RF_12461	155	241	128
OG1RF_12460	909	1055	807
OG1RF_11434	6126	6169	6314
OG1RF_10954	15195	15007	14164
OG1RF_11221	7595	8705	8540
OG1RF_10255	16780	17570	17597
OG1RF_10212	91951	92455	91843
OG1RF_12462	2924	3020	3008
OG1RF_12463	5756	6508	5931
OG1RF_10533	38056	40590	40622
OG1RF_10846	1358	1346	1373
OG1RF_12240	283	302	312
OG1RF_12433	10663	10647	10453
OG1RF_11138	1491	1676	1562
OG1RF_11318	828	806	842
OG1RF_10817	961	1015	949
OG1RF_10026	101	80	89
OG1RF_10027	81	92	77
OG1RF_10018	36764	34296	33495
OG1RF_10019	141632	131432	128002
OG1RF_10547	627	538	550
OG1RF_10020	78347	74673	72993
OG1RF_10683	1050	1131	1018
OG1RF_11740	18307	18925	18969
OG1RF_12495	1650	1931	1855
OG1RF_12532	605	569	618
OG1RF_10978	358	352	308
OG1RF_12561	6058	5640	5754
OG1RF_11443	6143	6751	6599
OG1RF_11442	8717	9779	9433
OG1RF_12220	36987	37824	36775
OG1RF_12046	15388	16281	16047
OG1RF_10330	24895	24308	24963
OG1RF_10335	35524	33447	34313
OG1RF_10333	42667	40149	41122
OG1RF_10331	30490	29092	29151
OG1RF_10332	30875	29395	30161
OG1RF_10334	21050	19719	20529
OG1RF_10233	868	787	809
OG1RF_10657	97891	98278	98081
OG1RF_11484	1855	1965	1866
OG1RF_11917	5255	5257	5349
OG1RF_10517	44151	45349	44399
OG1RF_11918	9534	9648	9816
OG1RF_11916	9172	9336	9190
OG1RF_10666	3715	3745	3842
OG1RF_11074	9801	9448	9460
OG1RF_11140	9834	9926	9533
OG1RF_12038	29704	29223	29644
OG1RF_11704	11129	10971	10829
OG1RF_10294	2014	2061	1984
OG1RF_10297	75	259	56
OG1RF_12217	8898	9013	8869
OG1RF_11182	96	117	64
OG1RF_11184	58	44	42
OG1RF_11181	131	159	147
OG1RF_11186	182	220	172
OG1RF_11187	140	153	169
OG1RF_10362	3090	3158	3215
OG1RF_10264	3	3	8
OG1RF_10722	31105	32314	33204
OG1RF_10725	30530	31831	32223
OG1RF_11738	35578	35229	36626
OG1RF_10721	18042	18677	18854
OG1RF_12333	12296	12528	12872
OG1RF_12332	7248	7718	7845
OG1RF_12420	30567	30149	29289
OG1RF_11201	1703	1613	1610
OG1RF_11394	8122	8533	8203
OG1RF_12432	1237	1400	1329
OG1RF_10995	599	514	551
OG1RF_11962	261	269	239
OG1RF_10292	5038	5287	5452
OG1RF_10296	514	2014	329
OG1RF_10298	1195	1921	1190
OG1RF_12063	27879	27281	27276
OG1RF_10946	19963	19553	20254
OG1RF_11983	56688	54947	56272
OG1RF_12097	11790	11847	11770
OG1RF_11573	51506	51095	50224
OG1RF_10726	20806	19671	20651
OG1RF_10399	25371	25786	25549
OG1RF_11964	16464	17552	17410
OG1RF_10727	21496	20421	20516
OG1RF_10899	8738	8911	9099
OG1RF_10344	1562	1564	1452
OG1RF_11867	366	362	389
OG1RF_10607	7659	7791	7668
OG1RF_11192	58653	58348	59687
OG1RF_12256	4281	4593	4653
OG1RF_12435	43079	43297	43191
OG1RF_12072	7739	7717	7825
OG1RF_10630	11198	11360	11581
OG1RF_10631	6275	6569	6243
OG1RF_12547	5011	5023	4892
OG1RF_12174	17114	16734	17031
OG1RF_10622	0	0	0
OG1RF_12000	18228	17628	17797
OG1RF_11088	35415	37362	37102
OG1RF_12314	279	255	221
OG1RF_10351	5309	6031	5996
OG1RF_10239	13050	12377	12464
OG1RF_11305	8592	9225	9524
OG1RF_11660	46892	45115	46379
OG1RF_12510	223468	219385	219776
OG1RF_10769	1166	1175	1140
OG1RF_10668	15716	15746	16096
OG1RF_11445	8738	8637	8885
OG1RF_10288	175323	191657	189876
OG1RF_10369	4027	4479	4258
OG1RF_11699	98269	89620	90787
OG1RF_11940	1718	1891	1878
OG1RF_11136	1005	968	868
OG1RF_10983	2935	3149	2898
OG1RF_12115	42464	46331	46929
OG1RF_10356	52983	54111	53896
OG1RF_10355	25437	26079	25009
OG1RF_12116	10535	11393	11426
OG1RF_10358	2673	2570	2592
OG1RF_10357	3899	3853	3966
OG1RF_11206	3662	3885	3797
OG1RF_10609	10240	10358	10123
OG1RF_12216	3627	3468	3429
OG1RF_10102	1040	1329	1021
OG1RF_11544	917	786	838
OG1RF_10932	13644	13539	13601
OG1RF_10238	8994	8832	8540
OG1RF_11939	10995	11035	11603
OG1RF_12065	13409	13223	13619
OG1RF_11177	400	372	390
OG1RF_11040	50489	48852	48787
OG1RF_10711	16863	17348	17393
OG1RF_12092	23501	22495	22166
OG1RF_12265	3915	3999	3912
OG1RF_12562	14219	13332	13163
OG1RF_nc10015	0	0	0
OG1RF_10220	1021	993	1024
OG1RF_10338	4812	4867	4520
OG1RF_10634	29794	29853	30862
OG1RF_11502	3356	3744	3627
OG1RF_10636	48158	49693	50009
OG1RF_10637	49091	49735	50269
OG1RF_10638	58235	57588	58704
OG1RF_10639	55996	56912	56813
OG1RF_10595	36138	35262	36089
OG1RF_12013	2465	2517	2733
OG1RF_10594	16062	16021	16223
OG1RF_10593	27863	27329	27786
OG1RF_10592	22933	23094	23263
OG1RF_10179	401	374	422
OG1RF_12215	41281	40883	41338
OG1RF_11367	558	688	641
OG1RF_11876	17107	16826	16724
OG1RF_12543	23722	24235	23613
OG1RF_11331	64794	61485	63192
OG1RF_11019	22657	23002	23612
OG1RF_10925	52718	53153	52381
OG1RF_11450	57645	56513	56828
OG1RF_10417	18647	19677	19126
OG1RF_10724	73248	74171	74818
OG1RF_11797	22399	24783	23942
OG1RF_10287	25082	24452	24171
OG1RF_10458	45035	43789	44488
OG1RF_11141	18880	23109	23977
OG1RF_11142	19273	22776	23895
OG1RF_10121	25022	23335	21590
OG1RF_11337	184	185	159
OG1RF_11349	677	675	616
OG1RF_11348	997	982	872
OG1RF_12158	50159	50684	52102
OG1RF_12088	204	179	196
OG1RF_12309	43331	42764	42983
OG1RF_10245	42475	40735	41490
OG1RF_12044	46645	48418	48969
OG1RF_10708	29875	29875	29476
OG1RF_11454	34016	33452	35029
OG1RF_11744	43379	43004	43397
OG1RF_11170	32829	31386	31931
OG1RF_12349	1247	1194	1274
OG1RF_10402	80446	80687	79323
OG1RF_10778	97944	95283	96111
OG1RF_11328	69299	67669	68587
OG1RF_11329	485969	475622	478602
OG1RF_10092	60973	57989	55012
OG1RF_11856	50982	50482	52129
OG1RF_11204	120988	113015	111876
OG1RF_11625	153309	133314	137916
OG1RF_10682	254	305	261
OG1RF_10372	5059	5127	4903
OG1RF_12410	10325	10655	10630
OG1RF_11287	105809	100715	105431
OG1RF_10893	26330	25588	26481
OG1RF_10894	97761	94396	96036
OG1RF_11162	17369	17544	17300
OG1RF_12255	3289	3841	3785
OG1RF_11846	18878	17881	18797
OG1RF_11414	6148	6229	6295
OG1RF_11465	18590	18729	18454
OG1RF_11315	1980	2071	1909
OG1RF_10112	592	615	628
OG1RF_11748	7098	6636	6965
OG1RF_10588	30437	29666	28928
OG1RF_12372	28471	28202	27654
OG1RF_11355	10787	10678	10326
OG1RF_11968	29791	29549	28691
OG1RF_12294	2848	3359	3216
OG1RF_12334	88197	85533	90197
OG1RF_10606	44257	44252	45016
OG1RF_11811	109336	106934	107189
OG1RF_12024	4623	4792	4241
OG1RF_12023	3244	3659	3241
OG1RF_12022	3820	3980	3479
OG1RF_12021	5456	5714	5165
OG1RF_11327	46609	44822	44144
OG1RF_10757	2386	2163	2213
OG1RF_12385	21845	21922	21449
OG1RF_12040	8729	8729	8840
OG1RF_10575	31866	29857	29979
OG1RF_10674	9314	9235	9192
OG1RF_11121	148	107	107
OG1RF_11935	43593	42293	41638
OG1RF_11474	32153	31329	31046
OG1RF_10439	43300	41815	43283
OG1RF_12389	35479	35459	35188
OG1RF_11638	13242	13052	13567
OG1RF_11934	18529	17258	17690
OG1RF_10036	15191	16448	17123
OG1RF_10037	6633	7697	7438
OG1RF_11818	62098	62817	62681
OG1RF_12431	74339	71190	71500
OG1RF_11676	19111	17718	18233
OG1RF_10423	70782	68270	70469
OG1RF_10706	4164	4412	4420
OG1RF_11288	40179	40973	40021
OG1RF_11468	16211	15504	16133
OG1RF_11466	17575	17545	17479
OG1RF_11467	17101	16344	16570
OG1RF_11469	17033	15995	16992
OG1RF_11416	16260	16375	16123
OG1RF_11470	15014	14445	14651
OG1RF_10676	76356	79001	82090
OG1RF_11375	127	125	142
OG1RF_10200	5619	6007	5983
OG1RF_12248	193	208	182
OG1RF_11231	29622	28140	26996
OG1RF_10447	20935	20842	20425
OG1RF_10448	361244	360181	359601
OG1RF_10013	33102	29638	28746
OG1RF_11795	33325	34574	33666
OG1RF_11497	455	432	453
OG1RF_11489	1411	1407	1523
OG1RF_11499	469	505	465
OG1RF_11493	997	1092	1141
OG1RF_11490	1398	1256	1393
OG1RF_11498	1132	1080	1152
OG1RF_11796	15823	16815	16456
OG1RF_11494	1809	1728	1833
OG1RF_11495	437	463	469
OG1RF_11492	768	732	738
OG1RF_11491	350	337	341
OG1RF_10054	23635	23261	23023
OG1RF_11496	94	69	86
OG1RF_10916	3461	3320	3311
OG1RF_11888	143815	141788	141044
OG1RF_10779	259422	241191	248828
OG1RF_11430	3284	3341	3256
OG1RF_11429	5965	5628	5339
OG1RF_10228	16611	18204	18601
OG1RF_11425	4348	4450	4264
OG1RF_11423	3545	3625	3666
OG1RF_11424	3764	3990	3732
OG1RF_10924	57867	52129	54573
OG1RF_11831	43889	40648	39993
OG1RF_11426	2964	3048	2926
OG1RF_11431	3396	3360	3376
OG1RF_10598	15288	14979	15286
OG1RF_10039	27730	27631	29122
OG1RF_12226	341	372	353
OG1RF_11641	9126	9133	9456
EBG00001209453	0	0	0
EBG00001209410	0	0	0
EBG00001209428	0	0	0
EBG00001209457	0	0	0
EBG00001209378	0	0	0
OG1RF_11044	12416	11632	11282
OG1RF_12243	729	788	690
OG1RF_12244	2000	2141	2109
OG1RF_12439	26864	27470	26934
OG1RF_10004	20560	19486	20129
OG1RF_12373	30704	30086	29486
OG1RF_11401	39324	36078	37222
OG1RF_10718	33920	34492	34330
OG1RF_10797	12244	12734	13500
OG1RF_11841	2366	2377	2456
OG1RF_11264	8383	8842	9167
OG1RF_11891	12721	12896	12644
OG1RF_12126	3213	3256	3305
OG1RF_10926	8936	8721	9230
OG1RF_12073	4432	4511	4433
OG1RF_11636	66011	66674	64166
OG1RF_12041	8677	8284	8261
OG1RF_10660	11099	11739	12143
OG1RF_10890	31285	32060	32252
OG1RF_11733	19604	19001	19197
OG1RF_11731	27260	27136	26815
OG1RF_10685	1305	1288	1279
OG1RF_11716	1035	1186	1029
OG1RF_10320	82	65	84
OG1RF_10319	104	74	83
OG1RF_10321	64	67	82
OG1RF_10322	15	16	18
OG1RF_10314	46	34	36
OG1RF_10947	25973	25040	26123
OG1RF_11065	12197	11978	12313
OG1RF_11966	37171	37344	38875
OG1RF_11904	7379	7717	7759
OG1RF_11905	8220	8148	8378
OG1RF_11566	10191	9818	9691
EBG00001209416	0	0	0
EBG00001209427	0	0	0
EBG00001209441	0	0	0
EBG00001209458	0	0	0
OG1RF_11259	13646	13318	13326
OG1RF_11433	19768	20137	19901
OG1RF_12039	13028	13419	13201
OG1RF_11734	36944	35261	35798
OG1RF_11732	51885	51010	50751
EBG00001209420	0	0	0
OG1RF_11339	143	150	111
OG1RF_12365	14064	13741	13817
OG1RF_11439	1762	1781	1798
OG1RF_11365	9967	9208	9641
OG1RF_11035	4753	4751	5086
OG1RF_10900	23768	24078	23921
OG1RF_12577	5926	6000	6081
OG1RF_11994	40240	40706	41858
OG1RF_11404	14463	14072	14239
OG1RF_11237	44	44	52
OG1RF_12382	11293	10920	11004
OG1RF_10143	10227	10257	9988
OG1RF_12082	77300	75457	74159
OG1RF_10154	136188	130437	136884
OG1RF_10151	95413	93379	96498
OG1RF_10152	76532	75559	79555
OG1RF_10163	78454	75823	79308
OG1RF_10166	87442	83636	86338
OG1RF_10011	11095	11392	10983
OG1RF_12081	88306	84378	82601
OG1RF_12083	34860	33471	32531
OG1RF_11042	5783	5887	5516
OG1RF_12080	54795	51739	51299
OG1RF_12487	50378	50840	50413
OG1RF_10161	40008	37681	39742
OG1RF_10170	69517	67049	69649
OG1RF_10158	73589	69824	73255
OG1RF_10178	38714	39033	39431
OG1RF_10167	47658	45067	46853
OG1RF_11564	26123	24392	23771
OG1RF_10643	37150	36909	34796
OG1RF_10703	29580	27498	27338
OG1RF_10156	37386	36567	37922
OG1RF_10153	23658	22828	24860
OG1RF_10162	31357	29914	31376
OG1RF_10552	13095	12788	11877
OG1RF_10705	39084	37232	36398
OG1RF_11687	91	144	149
OG1RF_12380	2837	3091	2909
OG1RF_10159	16881	15937	17097
OG1RF_10169	11106	10966	11456
OG1RF_10948	54057	50856	48775
OG1RF_10781	12212	12013	11389
OG1RF_12094	619	702	689
OG1RF_12157	3862	3720	3686
OG1RF_12469	21	12	15
OG1RF_12578	304	354	301
OG1RF_10642	11317	10838	10777
OG1RF_10174	2669	2642	2767
OG1RF_10177	165229	163116	169020
OG1RF_12493	433359	419195	409252
OG1RF_12492	499476	485381	476283
OG1RF_11242	36652	34711	34777
OG1RF_10923	60278	59323	59121
OG1RF_10514	8868	9030	8910
OG1RF_12390	12823	12875	12944
OG1RF_11267	86569	83540	83898
OG1RF_11833	98609	96670	95727
OG1RF_10157	113748	108079	113548
OG1RF_12340	88369	88180	86519
OG1RF_10168	85219	81884	83769
OG1RF_10007	23922	23441	23861
OG1RF_10145	92609	88155	89760
OG1RF_10165	55247	52077	54596
OG1RF_10466	796	768	777
OG1RF_10756	4123	4069	3714
OG1RF_12486	41370	41820	41655
OG1RF_10150	38010	36347	36974
OG1RF_10176	58538	55552	57296
OG1RF_10144	67112	63229	63137
OG1RF_10175	42967	41475	42463
OG1RF_10164	14227	13388	14438
OG1RF_12468	542	507	409
OG1RF_12335	28477	27559	26081
OG1RF_11407	30160	28949	27889
OG1RF_10160	36000	33758	35734
OG1RF_10009	24169	24133	24152
OG1RF_10155	28202	27152	28734
OG1RF_11874	50426	47475	45779
OG1RF_11848	24760	23648	24104
OG1RF_11819	25243	25138	25228
OG1RF_12383	15039	14671	14694
OG1RF_10118	7537	7570	7080
OG1RF_10401	10820	11429	11196
OG1RF_10553	6438	6240	6537
OG1RF_10465	26082	26470	26959
OG1RF_12074	10658	10937	11459
OG1RF_10060	7157	6938	7498
OG1RF_10061	9612	9541	10200
OG1RF_11230	6628	6400	6151
OG1RF_11866	1060	1091	1065
OG1RF_12504	3	0	1
EBG00001209389	0	0	0
OG1RF_12058	38175	37602	38086
OG1RF_12059	8235	7825	8358
OG1RF_11257	9051	8770	8931
OG1RF_11258	6357	6125	6362
OG1RF_11317	1641	1699	1697
OG1RF_11319	1414	1530	1514
OG1RF_11320	5819	6025	5873
OG1RF_10094	41416	39158	37356
OG1RF_12086	5705	5665	5586
OG1RF_12085	5195	5289	5265
OG1RF_10093	37573	35543	33448
OG1RF_12239	656	574	625
OG1RF_11476	139794	138947	138250
OG1RF_12093	1191	1255	1175
OG1RF_11996	3376	3454	3295
OG1RF_10171	279554	273318	282658
OG1RF_11948	275	254	250
OG1RF_10095	68661	64953	63217
OG1RF_12537	31177	28955	28905
OG1RF_10740	3256	3649	3783
OG1RF_10906	14	4	9
OG1RF_10908	79	131	117
OG1RF_11217	185	157	198
OG1RF_11391	5919	6098	5904
OG1RF_10738	12345	12631	12984
OG1RF_12364	74990	71897	75178
OG1RF_11993	7040	6959	6990
OG1RF_10348	24995	25600	24241
OG1RF_12544	14699	14961	15112
OG1RF_12399	52	83	40
OG1RF_10342	775	830	816
OG1RF_12400	85	77	58
OG1RF_12402	103	132	107
OG1RF_12401	97	162	132
OG1RF_12576	26974	27012	26503
OG1RF_11525	133571	118396	126255
OG1RF_12047	16085	15157	15054
OG1RF_12551	537	605	604
OG1RF_12554	519	560	519
OG1RF_12553	145	108	142
OG1RF_10576	92856	88687	91312
OG1RF_10232	367	377	330
OG1RF_11303	9424	9290	8996
OG1RF_12327	12977	13152	13464
OG1RF_10008	80387	80276	81647
OG1RF_11825	20854	20759	20040
OG1RF_11829	8990	8733	8627
OG1RF_11828	16425	15736	15121
OG1RF_10248	37	29	30
OG1RF_10249	28	35	37
OG1RF_11893	11420	11763	11923
OG1RF_12386	32241	31446	32539
OG1RF_12089	376	440	417
OG1RF_10221	1500	1516	1550
OG1RF_12321	1603	1766	1509
OG1RF_11712	5295	5526	5715
OG1RF_12549	532	542	449
OG1RF_10930	28690	27945	28259
OG1RF_11936	10888	11247	11255
OG1RF_12127	1280	1381	1293
OG1RF_10624	18810	17403	18179
OG1RF_10148	3322	3400	3224
OG1RF_12135	1553	1694	1523
OG1RF_12136	884	942	954
OG1RF_12234	13967	13928	14405
OG1RF_12137	1020	1150	1104
OG1RF_12381	10087	10052	9872
OG1RF_12138	521	530	550
OG1RF_11851	22987	22678	22843
OG1RF_11852	27606	27831	28131
OG1RF_12159	120732	107643	110867
OG1RF_11295	8936	9242	8973
OG1RF_10452	147627	144709	148876
OG1RF_11253	12197	12205	11896
OG1RF_12199	17260	17615	17552
OG1RF_11300	198864	194025	198565
OG1RF_12125	17231	17090	16997
OG1RF_11362	33477	31592	32027
OG1RF_11668	26219	25754	26267
OG1RF_11624	81344	72227	73953
OG1RF_12232	14045	12432	12045
OG1RF_10841	218	248	214
OG1RF_12311	40310	40238	41361
OG1RF_10201	72000	72044	73633
OG1RF_11597	3461	3349	3521
OG1RF_11753	8939	8930	8315
OG1RF_12425	63563	63763	61375
OG1RF_12423	3539	3738	3561
OG1RF_10429	11260	11471	11404
OG1RF_11565	18954	18307	19188
OG1RF_12557	25374	23625	23839
OG1RF_11361	14199	13927	13936
OG1RF_11673	30445	33858	32390
OG1RF_10943	5215	5354	5402
OG1RF_11768	15005	15243	15092
OG1RF_12048	24762	24328	25484
OG1RF_10185	18631	18121	17970
OG1RF_12297	8563	8267	8453
OG1RF_11064	7868	7827	7766
OG1RF_11193	7089	7074	6776
OG1RF_11128	24954	26005	26147
OG1RF_12102	4450	6103	4811
OG1RF_12200	8608	8588	8072
OG1RF_11832	103918	98804	97876
OG1RF_10147	411629	391004	391412
OG1RF_11892	102763	99645	105241
OG1RF_11284	165548	163271	170487
OG1RF_10366	431184	446571	443587
OG1RF_11449	43512	42539	41929
OG1RF_11661	12341	11526	12118
OG1RF_12507	30911	30065	29205
OG1RF_12452	3299	2970	3074
OG1RF_12454	2375	2280	2429
OG1RF_10556	14972	15271	15278
OG1RF_10905	206	212	229
OG1RF_12247	2061	2113	1986
OG1RF_11615	14	28	21
OG1RF_10907	51	64	45
OG1RF_10390	2819	2950	2762
OG1RF_10675	8142	8575	8611
OG1RF_11432	643	674	570
OG1RF_11931	33352	32152	31865
OG1RF_11870	13650	13795	14392
OG1RF_11915	11384	11324	11427
OG1RF_10498	31879	30704	30994
OG1RF_10497	14998	14990	15107
OG1RF_11194	24164	23613	23452
OG1RF_12398	315	347	263
OG1RF_12231	108658	102388	103852
OG1RF_12163	1234	1210	1221
OG1RF_12162	2362	2656	2592
OG1RF_12161	1570	1784	1825
OG1RF_10049	12491	11472	11390
OG1RF_10586	5456	5029	5277
OG1RF_11360	11687	12062	11793
OG1RF_11256	6294	6594	6751
OG1RF_11798	6043	6936	6515
OG1RF_10713	27847	27043	27515
OG1RF_10714	2753	2631	2767
OG1RF_12099	10255	10572	10676
OG1RF_10003	2585	2581	2703
OG1RF_12122	28405	27979	28637
OG1RF_12121	8311	8057	8043
OG1RF_12062	856	904	848
OG1RF_11440	4028	3825	3954
OG1RF_10971	5051	5224	5570
OG1RF_12541	42460	42672	41430
OG1RF_11014	12405	12431	11895
OG1RF_11322	5372	5420	5443
OG1RF_11030	19387	19789	20232
OG1RF_11906	11626	11274	11705
OG1RF_10394	2730	2404	2420
OG1RF_11598	765	711	674
OG1RF_11947	159	180	154
OG1RF_12169	39789	39061	37711
OG1RF_10464	70924	70686	70093
OG1RF_11477	41746	41490	39695
OG1RF_12329	3999	4242	4183
OG1RF_11957	349	355	299
OG1RF_11958	247	282	203
OG1RF_11950	184	192	167
OG1RF_11961	922	958	973
OG1RF_12295	7033	7983	7908
OG1RF_11083	67309	64098	67434
OG1RF_11739	8843	8535	9395
OG1RF_11226	5117	5034	5040
OG1RF_10554	7757	7828	8111
OG1RF_10731	54792	52994	54245
OG1RF_10733	7229	7014	7033
OG1RF_10734	31988	32545	31705
OG1RF_11366	8892	8240	8483
OG1RF_11041	6750	6611	6635
OG1RF_12438	79084	78289	81294
OG1RF_11444	4674	4628	4213
OG1RF_12132	8588	8911	9349
OG1RF_11757	3387	3442	3433
OG1RF_11274	3553	3466	3338
OG1RF_11945	239	213	204
OG1RF_12177	8155	8022	8015
OG1RF_12176	29094	28472	28526
OG1RF_10647	5534	5692	5565
OG1RF_12515	2756	2963	3000
OG1RF_11580	6205	6359	6219
OG1RF_10428	17671	17732	17139
OG1RF_12419	15549	15779	15811
OG1RF_12196	2019	1966	2065
OG1RF_11115	366	366	392
OG1RF_12426	12618	12994	12504
OG1RF_11629	6697	6392	6234
OG1RF_10654	18439	17971	17071
OG1RF_11189	3541	4033	4022
OG1RF_10053	3258	2765	2735
OG1RF_11849	1564	1611	1684
OG1RF_10737	44539	45730	45850
